cache_key,postal_guess,country,coords,lat,lon,input_city,resolved_city,display_name,query_used,validated,low_confidence,timestamp,status,city_similarity,coords_cluster_count,flag_city_mismatch,flag_clustered_coords,flag_low_confidence,flag_not_validated,flag_failed,suspect_score
1200679_pt,1200679,pt,"38.7077507,-9.1365919",38.7077507,-9.1365919,LISBOA (LISBOA ),Lisboa,"Lisboa, Portugal","structured: {'postalcode': '1200-679', 'city': 'LISBOA (LISBOA )', 'country': 'Portugal'} (country=pt)",True,True,2026-01-14T18:45:58.843121,OK,0.5454545454545454,10,True,True,True,False,False,7
1749024_pt,1749024,pt,"38.7077507,-9.1365919",38.7077507,-9.1365919,LISBOA (LISBOA ),Lisboa,"Lisboa, Portugal","structured: {'postalcode': '1749-024', 'city': 'LISBOA (LISBOA )', 'country': 'Portugal'} (country=pt)",True,True,2026-01-14T18:47:30.397158,OK,0.5454545454545454,10,True,True,True,False,False,7
1070170_pt,1070170,pt,"38.7077507,-9.1365919",38.7077507,-9.1365919,LISBOA,Lisboa,"Lisboa, Portugal","structured: {'postalcode': '1070-170', 'city': 'LISBOA', 'country': 'Portugal'} (country=pt)",True,True,2026-01-14T18:45:36.863820,OK,1.0,10,False,True,True,False,False,5
1200235_pt,1200235,pt,"38.7077507,-9.1365919",38.7077507,-9.1365919,LISBOA,Lisboa,"Lisboa, Portugal","structured: {'postalcode': '1200-235', 'city': 'LISBOA', 'country': 'Portugal'} (country=pt)",True,True,2026-01-14T18:45:48.850690,OK,1.0,10,False,True,True,False,False,5
1200302_pt,1200302,pt,"38.7077507,-9.1365919",38.7077507,-9.1365919,LISBOA,Lisboa,"Lisboa, Portugal","structured: {'postalcode': '1200-302', 'city': 'LISBOA', 'country': 'Portugal'} (country=pt)",True,True,2026-01-14T18:45:53.841838,OK,1.0,10,False,True,True,False,False,5
1649038_pt,1649038,pt,"38.7077507,-9.1365919",38.7077507,-9.1365919,LISBOA,Lisboa,"Lisboa, Portugal","structured: {'postalcode': '1649-038', 'city': 'LISBOA', 'country': 'Portugal'} (country=pt)",True,True,2026-01-14T18:47:07.375273,OK,1.0,10,False,True,True,False,False,5
1749004_pt,1749004,pt,"38.7077507,-9.1365919",38.7077507,-9.1365919,LISBOA,Lisboa,"Lisboa, Portugal","structured: {'postalcode': '1749-004', 'city': 'LISBOA', 'country': 'Portugal'} (country=pt)",True,True,2026-01-14T18:47:25.376419,OK,1.0,10,False,True,True,False,False,5
1950256_other,1950256_other,other,"38.7077507,-9.1365919",38.7077507,-9.1365919,LISBOA,Lisboa,"Lisboa, Portugal","structured: {'city': 'LISBOA', 'postalcode': '195-0256'}",True,True,2026-01-14T18:47:45.384309,OK,1.0,10,False,True,True,False,False,5
1950256_pt,1950256,pt,"38.7077507,-9.1365919",38.7077507,-9.1365919,LISBOA,Lisboa,"Lisboa, Portugal","structured: {'postalcode': '1950-256', 'city': 'LISBOA', 'country': 'Portugal'} (country=pt)",True,True,2026-01-14T18:47:50.379171,OK,1.0,10,False,True,True,False,False,5
19502_other,19502_other,other,"38.7077507,-9.1365919",38.7077507,-9.1365919,LISBOA,Lisboa,"Lisboa, Portugal","structured: {'city': 'LISBOA', 'postalcode': '19502'}",True,True,2026-01-14T18:47:51.396938,OK,1.0,10,False,True,True,False,False,5
11635_other,11635_other,other,"37.9755648,23.7348324",37.9755648,23.7348324,ATHENS,Αθήνα,"Αθήνα, Δήμος Αθηναίων, Περιφερειακή Ενότητα Κεντρικού Τομέα Αθηνών, Περιφέρεια Αττικής, Αποκεντρωμένη Διοίκηση Αττικής, 105 57, Ελλάς","structured: {'city': 'ATHENS', 'postalcode': '11635'}",True,True,2026-01-14T18:45:41.851261,OK,0.0,2,True,False,True,False,False,5
11853_other,11853_other,other,"37.9755648,23.7348324",37.9755648,23.7348324,ATENAS,Αθήνα,"Αθήνα, Δήμος Αθηναίων, Περιφερειακή Ενότητα Κεντρικού Τομέα Αθηνών, Περιφέρεια Αττικής, Αποκεντρωμένη Διοίκηση Αττικής, 105 57, Ελλάς","structured: {'city': 'ATENAS', 'postalcode': '11853'}",True,True,2026-01-14T18:45:42.869065,OK,0.0,2,True,False,True,False,False,5
2730056_pt,2730056,pt,"38.7315692,-9.2780907",38.7315692,-9.2780907,BARCARENA,Oeiras,"Barcarena, Oeiras, Lisboa, Portugal","structured: {'postalcode': '2730-056', 'city': 'BARCARENA', 'country': 'Portugal'} (country=pt)",True,True,2026-01-14T18:50:10.780200,OK,0.13333333333333333,2,True,False,True,False,False,5
2731901_pt,2731901,pt,"38.7315692,-9.2780907",38.7315692,-9.2780907,BARCARENA,Oeiras,"Barcarena, Oeiras, Lisboa, Portugal","structured: {'postalcode': '2731-901', 'city': 'BARCARENA', 'country': 'Portugal'} (country=pt)",True,True,2026-01-14T18:50:14.719353,OK,0.13333333333333333,2,True,False,True,False,False,5
4415215_pt,4415215,pt,"41.064143,-8.5572235",41.064143,-8.5572235,PEDROSO,Vila Nova de Gaia,"Pedroso, Vila Nova de Gaia, Porto, Portugal","structured: {'postalcode': '4415-215', 'city': 'PEDROSO', 'country': 'Portugal'} (country=pt)",True,True,2026-01-14T18:56:40.193762,OK,0.08333333333333333,1,True,False,True,False,False,5
2695722_pt,2695722,pt,"38.8238905,-9.0931276",38.8238905,-9.0931276,S. João da Talha,Loures,"2695-722, Santa Iria de Azoia, São João da Talha e Bobadela, Loures, Lisboa, Portugal","free-text: 2695-722, Portugal (country=pt)",True,True,2026-01-14T18:49:55.708695,OK,0.09090909090909091,1,True,False,True,False,False,5
2950685_pt,2950685,pt,"38.5674568,-8.9418673",38.5674568,-8.9418673,QUINTA DO ANJO (QUINTA DO ANJO ),Palmela,"Quinta do Anjo, Palmela, Setúbal, Portugal","structured: {'postalcode': '2950-685', 'city': 'QUINTA DO ANJO (QUINTA DO ANJO )', 'country': 'Portugal'} (country=pt)",True,True,2026-01-14T18:52:31.886737,OK,0.10256410256410256,1,True,False,True,False,False,5
2805_es,2805,es,"42.0571009,-0.3056778",42.0571009,-0.3056778,Almada,Argavieso,"La Almada, Argavieso, Hoya de Huesca / Plana de Uesca, Huesca, Aragón, 22135, España","INCOMPLETE_POSTAL: city fallback → Almada, Spain",True,True,2026-01-14T18:50:46.643271,OK,0.26666666666666666,1,True,False,True,False,False,5
3860071_pt,3860071,pt,"40.8062105,-8.5729444",40.8062105,-8.5729444,AVANCA,Estarreja,"Avanca, Estarreja, Aveiro, Portugal","structured: {'postalcode': '3860-071', 'city': 'AVANCA', 'country': 'Portugal'} (country=pt)",True,True,2026-01-14T18:55:37.132686,OK,0.26666666666666666,1,True,False,True,False,False,5
1300125_pt,1300125,pt,"38.7121892,-9.1754782",38.7121892,-9.1754782,MONSANTO,Lisboa,"1300-125, Alcântara, Lisboa, Portugal","free-text: 1300-125, Portugal (country=pt)",True,True,2026-01-14T18:46:08.814795,OK,0.2857142857142857,1,True,False,True,False,False,5
4785684_pt,4785684,pt,"41.3307091,-8.5663386",41.3307091,-8.5663386,TROFA (SANTIAGO DO BOUGADO ),Trofa,"4785-684, Bougado (São Martinho e Santiago), Trofa, Porto, Portugal","free-text: 4785-684, Portugal (country=pt)",True,True,2026-01-14T18:58:19.288207,OK,0.30303030303030304,1,True,False,True,False,False,5
44424_es,44424,es,"42.5194761,-1.3632359",42.5194761,-1.3632359,SARRION,Cáseda,"44424, Carretera Venta de Judas - Aibar - Carcastillo, Kaseda, Cáseda, Zangozerria, Navarra, Navarra / Nafarroa, España","free-text: 44424, Spain (country=es)",True,True,2026-01-14T18:56:51.269272,OK,0.3076923076923077,1,True,False,True,False,False,5
9000390_pt,9000390,pt,"38.5631846,-9.0641944",38.5631846,-9.0641944,Funchal,Seixal,"Lote 390, Fernão Ferro, Seixal, Setúbal, Portugal",free-text: 9000-390 (country=pt),True,True,2026-01-14T18:59:33.878554,OK,0.3076923076923077,1,True,False,True,False,False,5
4410308_pt,4410308,pt,"41.9384215,-6.6168826",41.9384215,-6.6168826,Vila Nova de Gaia,Bragança,"EN 308, Aveleda e Rio de Onor, Bragança, Portugal",free-text: 4410-308 (country=pt),True,True,2026-01-14T18:56:36.494156,OK,0.32,1,True,False,True,False,False,5
5000801_pt,5000801,pt,"38.8138165,-9.2257897",38.8138165,-9.2257897,VILA REAL,Odivelas,"Depot Caneças, Bairro dos CTT, Ramada e Caneças, Odivelas, Lisboa, Portugal",free-text: 5000-801 (country=pt),True,True,2026-01-14T18:58:42.363275,OK,0.35294117647058826,1,True,False,True,False,False,5
1495165_pt,1495165,pt,"38.6965891,-9.2309154",38.6965891,-9.2309154,ALGÉS,Oeiras,"1495-165, Algés, Linda-a-Velha e Cruz Quebrada-Dafundo, Oeiras, Lisboa, Portugal","free-text: 1495-165, Portugal (country=pt)",True,True,2026-01-14T18:46:33.780266,OK,0.36363636363636365,1,True,False,True,False,False,5
2565187_pt,2565187,pt,"39.038382,-9.1843296",39.038382,-9.1843296,DOIS PORTOS,Torres Vedras,"Dois Portos, Torres Vedras, Lisboa, Portugal","structured: {'postalcode': '2565-187', 'city': 'DOIS PORTOS', 'country': 'Portugal'} (country=pt)",True,True,2026-01-14T18:49:01.688694,OK,0.4166666666666667,1,True,False,True,False,False,5
36154_es,36154,es,"42.4346635,-8.5805698",42.4346635,-8.5805698,BORA,Pontevedra,"Bora, Pontevedra, Galicia, España","free-text: 36154 BORA, Spain (country=es)",True,True,2026-01-14T18:54:54.540707,OK,0.42857142857142855,1,True,False,True,False,False,5
3800373_pt,3800373,pt,"40.6485273,-8.6281389",40.6485273,-8.6281389,ESGUEIRA,Aveiro,"Esgueira, Aveiro, Portugal","structured: {'postalcode': '3800-373', 'city': 'ESGUEIRA', 'country': 'Portugal'} (country=pt)",True,True,2026-01-14T18:55:20.064300,OK,0.42857142857142855,1,True,False,True,False,False,5
4200072_pt,4200072,pt,"41.1816511,-8.6050422",41.1816511,-8.6050422,PORTO (PORTO ),Porto,"4200-072, Paranhos, Porto, Portugal","free-text: 4200-072, Portugal (country=pt)",True,True,2026-01-14T18:56:01.109394,OK,0.5263157894736842,1,True,False,True,False,False,5
47281_es,47281,es,"41.809877,-4.6932238",41.809877,-4.6932238,CORCOS DEL VALLE,Corcos,"Corcos, Valladolid, Castilla y León, España","free-text: 47281 CORCOS DEL VALLE, Spain (country=es)",True,True,2026-01-14T18:58:01.330278,OK,0.5454545454545454,1,True,False,True,False,False,5
33929_es,33929,es,"43.2950131,-5.683431",43.2950131,-5.683431,LANGREO,Llangréu / Langreo,"Llangréu / Langreo, Asturias / Asturies, España","free-text: 33929 LANGREO, Spain (country=es)",True,True,2026-01-14T18:54:35.559410,OK,0.56,1,True,False,True,False,False,5
4450208_pt,4450208,pt,"41.176823,-8.690709",41.176823,-8.690709,MATOSINHOS (MATOSINHOS ),Matosinhos,"4450-208, Matosinhos, Porto, Portugal","free-text: 4450-208, Portugal (country=pt)",True,True,2026-01-14T18:56:52.149273,OK,0.5882352941176471,1,True,False,True,False,False,5
3830590_pt,3830590,pt,"40.6376106,-8.7136614",40.6376106,-8.7136614,GAFANHA DA NAZARÉ (GAFANHA DA NAZARÉ ),Gafanha da Nazaré,"Gafanha da Nazaré, Ílhavo, Aveiro, Portugal","structured: {'postalcode': '3830-590', 'city': 'GAFANHA DA NAZARÉ (GAFANHA DA NAZARÉ )', 'country': 'Portugal'} (country=pt)",True,True,2026-01-14T18:55:33.082178,OK,0.6181818181818182,1,True,False,True,False,False,5
4430164_pt,4430164,pt,"41.1242006,-8.6056226",41.1242006,-8.6056226,VILA NOVA DE GAIA (VILA NOVA DE GAIA ),Vila Nova de Gaia,"4430-164, Mafamude, Vila Nova de Gaia, Porto, Portugal","free-text: 4430-164, Portugal (country=pt)",True,True,2026-01-14T18:56:48.152715,OK,0.6181818181818182,1,True,False,True,False,False,5
30332_es,30332,es,,,,FUENTE ÁLAMO,,,Failed after trying 6 queries with hard validation,False,False,2026-01-14T19:05:08.828506,FAILED_META,0.0,0,False,False,False,False,True,4
45508_es,45508,es,,,,ZIERBANA,,,Failed after trying 6 queries with hard validation,False,False,2026-01-14T19:05:14.724015,FAILED_META,0.0,0,False,False,False,False,True,4
3004504_pt,3004504,pt,"40.2111931,-8.4294632",40.2111931,-8.4294632,COIMBRA,Coimbra,"Coimbra, Portugal","structured: {'postalcode': '3004-504', 'city': 'COIMBRA', 'country': 'Portugal'} (country=pt)",True,True,2026-01-14T18:52:46.547911,OK,1.0,3,False,False,True,False,False,3
3060197_pt,3060197,pt,"40.2111931,-8.4294632",40.2111931,-8.4294632,COIMBRA,Coimbra,"Coimbra, Portugal","structured: {'postalcode': '3060-197', 'city': 'COIMBRA', 'country': 'Portugal'} (country=pt)",True,True,2026-01-14T18:53:25.288702,OK,1.0,3,False,False,True,False,False,3
4470658_pt,4470658,pt,"40.2111931,-8.4294632",40.2111931,-8.4294632,COIMBRA,Coimbra,"Coimbra, Portugal","structured: {'postalcode': '4470-658', 'city': 'COIMBRA', 'country': 'Portugal'} (country=pt)",True,True,2026-01-14T18:57:04.201112,OK,1.0,3,False,False,True,False,False,3
20815_es,20815,es,"40.416782,-3.703507",40.416782,-3.703507,MADRID,Madrid,"Madrid, Comunidad de Madrid, España","free-text: 20815 MADRID, Spain (country=es)",True,True,2026-01-14T18:48:15.429828,OK,1.0,2,False,False,True,False,False,3
2660119_pt,2660119,pt,"38.8308741,-9.1684512",38.8308741,-9.1684512,LOURES,Loures,"Loures, Lisboa, Portugal","structured: {'postalcode': '2660-119', 'city': 'LOURES', 'country': 'Portugal'} (country=pt)",True,True,2026-01-14T18:49:22.881317,OK,1.0,2,False,False,True,False,False,3
2674506_pt,2674506,pt,"38.8308741,-9.1684512",38.8308741,-9.1684512,LOURES,Loures,"Loures, Lisboa, Portugal","structured: {'postalcode': '2674-506', 'city': 'LOURES', 'country': 'Portugal'} (country=pt)",True,True,2026-01-14T18:49:33.713419,OK,1.0,2,False,False,True,False,False,3
2810069_pt,2810069,pt,"38.6831302,-9.1576301",38.6831302,-9.1576301,Almada,Almada,"Almada, Setúbal, Portugal","structured: {'postalcode': '2810-069', 'city': 'Almada', 'country': 'Portugal'} (country=pt)",True,True,2026-01-14T18:50:52.641647,OK,1.0,2,False,False,True,False,False,3
2829511_pt,2829511,pt,"38.6831302,-9.1576301",38.6831302,-9.1576301,Almada,Almada,"Almada, Setúbal, Portugal","structured: {'postalcode': '2829-511', 'city': 'Almada', 'country': 'Portugal'} (country=pt)",True,True,2026-01-14T18:51:03.685307,OK,1.0,2,False,False,True,False,False,3
29048_es,29048,es,"40.416782,-3.703507",40.416782,-3.703507,MADRID,Madrid,"Madrid, Comunidad de Madrid, España","structured: {'city': 'MADRID', 'country': 'Spain'} (country=es)",True,True,2026-01-14T18:52:02.071508,OK,1.0,2,False,False,True,False,False,3
4200355_pt,4200355,pt,"41.1502195,-8.6103497",41.1502195,-8.6103497,Porto,Porto,"Porto, Portugal","structured: {'city': 'Porto', 'country': 'Portugal'} (country=pt)",True,True,2026-01-14T18:56:07.368275,OK,1.0,2,False,False,True,False,False,3
4200374_pt,4200374,pt,"41.1502195,-8.6103497",41.1502195,-8.6103497,Porto,Porto,"Porto, Portugal","structured: {'city': 'Porto', 'country': 'Portugal'} (country=pt)",True,True,2026-01-14T18:56:13.343414,OK,1.0,2,False,False,True,False,False,3
36015_es,36015,es,"42.8181992,-1.6440089",42.8181992,-1.6440089,PAMPLONA,Pamplona / Iruña,"Pamplona / Iruña, Iruñerria, Navarra, Navarra / Nafarroa, España","free-text: 36015 PAMPLONA, Spain (country=es)",True,True,2026-01-14T18:54:50.792690,OK,0.6666666666666666,1,False,False,True,False,False,3
2615170_pt,2615170,pt,"38.8884975,-9.0427194",38.8884975,-9.0427194,ALVERCA DO RIBATEJO,Alverca do Ribatejo e Sobralinho,"2615-170, Alverca do Ribatejo e Sobralinho, Vila Franca de Xira, Lisboa, Portugal","free-text: 2615-170, Portugal (country=pt)",True,True,2026-01-14T18:49:14.679824,OK,0.7450980392156863,1,False,False,True,False,False,3
5000_es,5000,es,"39.9372616,-0.1004465",39.9372616,-0.1004465,VILA REAL,Vila-real,"Vila-real, la Plana Baixa, Castelló / Castellón, Comunitat Valenciana, 12540, España","INCOMPLETE_POSTAL: city fallback → VILA REAL, Spain",True,True,2026-01-14T18:58:39.316511,OK,0.8888888888888888,1,False,False,True,False,False,3
2014_es,2014,es,"43.3224219,-1.9838889",43.3224219,-1.9838889,DONOSTIA/SAN SEBASTIAN,Donostia / San Sebastián,"Donostia / San Sebastián, Gipuzkoa, Euskadi, España","INCOMPLETE_POSTAL: city fallback → DONOSTIA/SAN SEBASTIAN, Spain",True,True,2026-01-14T18:47:58.332152,OK,0.9565217391304348,1,False,False,True,False,False,3
02071_es,02071,es,"38.9950921,-1.8559154",38.9950921,-1.8559154,ALBACETE,Albacete,"Albacete, Castilla-La Mancha, España","free-text: 02071 ALBACETE, Spain (country=es)",True,True,2026-01-14T18:42:43.606680,OK,1.0,1,False,False,True,False,False,3
04698_es,04698,es,"39.5039227,-0.4421014",39.5039227,-0.4421014,PATERNA,Paterna,"Paterna, l'Horta Nord, València / Valencia, Comunitat Valenciana, España","structured: {'postalcode': '04698', 'city': 'PATERNA', 'country': 'Spain'} (country=es)",True,True,2026-01-14T18:43:04.457626,OK,1.0,1,False,False,True,False,False,3
05290_es,05290,es,"40.8932876,-4.5831845",40.8932876,-4.5831845,SANCHIDRIÁN,Sanchidrián,"Sanchidrián, Ávila, Castilla y León, España","structured: {'postalcode': '05290', 'city': 'SANCHIDRIÁN', 'country': 'Spain'} (country=es)",True,True,2026-01-14T18:43:13.464295,OK,1.0,1,False,False,True,False,False,3
1049001_pt,1049001,pt,"38.7367882,-9.1388877",38.7367882,-9.1388877,LISBOA,Lisboa,"1049-001, Areeiro, Lisboa, Portugal","free-text: 1049-001, Portugal (country=pt)",True,True,2026-01-14T18:45:30.800129,OK,1.0,1,False,False,True,False,False,3
1200023_pt,1200023,pt,"38.7099832,-9.1410775",38.7099832,-9.1410775,LISBOA,Lisboa,"1200-023, Santa Maria Maior, Madalena, Lisboa, Portugal","free-text: 1200-023, Portugal (country=pt)",True,True,2026-01-14T18:45:43.797252,OK,1.0,1,False,False,True,False,False,3
1200468_pt,1200468,pt,"38.7119857,-9.1415987",38.7119857,-9.1415987,LISBOA,Lisboa,"1200-468, Santa Maria Maior, Madalena, Lisboa, Portugal","free-text: 1200-468, Portugal (country=pt)",True,True,2026-01-14T18:45:54.787837,OK,1.0,1,False,False,True,False,False,3
1250095_pt,1250095,pt,"38.7160537,-9.1469061",38.7160537,-9.1469061,LISBOA,Lisboa,"1250-095, Santo António, Lisboa, Portugal","free-text: 1250-095, Portugal (country=pt)",True,True,2026-01-14T18:46:03.802404,OK,1.0,1,False,False,True,False,False,3
13000_es,13000,es,"38.9854201,-3.9285138",38.9854201,-3.9285138,CIUDAD REAL,Ciudad Real,"Ciudad Real, Castilla-La Mancha, España","free-text: 13000 CIUDAD REAL, Spain (country=es)",True,True,2026-01-14T18:46:12.117224,OK,1.0,1,False,False,True,False,False,3
1350342_pt,1350342,pt,"38.7055075,-9.1734611",38.7055075,-9.1734611,LISBOA,Lisboa,"1350-342, Estrela, Lisboa, Portugal","free-text: 1350-342, Portugal (country=pt)",True,True,2026-01-14T18:46:17.793824,OK,1.0,1,False,False,True,False,False,3
15041_es,15041,es,"43.3709703,-8.3959425",43.3709703,-8.3959425,A CORUÑA,A Coruña,"A Coruña, Galicia, España","free-text: 15041 A CORUÑA, Spain (country=es)",True,True,2026-01-14T18:46:40.013358,OK,1.0,1,False,False,True,False,False,3
1600003_pt,1600003,pt,"38.7665346,-9.1813696",38.7665346,-9.1813696,LISBOA,Lisboa,"1600-003, Carnide, Lisboa, Portugal","free-text: 1600-003, Portugal (country=pt)",True,True,2026-01-14T18:47:00.313468,OK,1.0,1,False,False,True,False,False,3
1649003_pt,1649003,pt,"38.7479036,-9.1561152",38.7479036,-9.1561152,LISBOA,Lisboa,"1649-003, Alvalade, Lisboa, Portugal","free-text: 1649-003, Portugal (country=pt)",True,True,2026-01-14T18:47:02.340613,OK,1.0,1,False,False,True,False,False,3
1649028_pt,1649028,pt,"38.7504777,-9.1604033",38.7504777,-9.1604033,LISBOA,Lisboa,"1649-028, Alvalade, Lisboa, Portugal","free-text: 1649-028, Portugal (country=pt)",True,True,2026-01-14T18:47:03.315831,OK,1.0,1,False,False,True,False,False,3
1700066_pt,1700066,pt,"38.7590303,-9.1423401",38.7590303,-9.1423401,LISBOA,Lisboa,"1700-066, Alvalade, Lisboa, Portugal","free-text: 1700-066, Portugal (country=pt)",True,True,2026-01-14T18:47:08.331028,OK,1.0,1,False,False,True,False,False,3
1749016_pt,1749016,pt,"38.7565066,-9.1568586",38.7565066,-9.1568586,LISBOA,Lisboa,"1749-016, Alvalade, Lisboa, Portugal","free-text: 1749-016, Portugal (country=pt)",True,True,2026-01-14T18:47:26.311606,OK,1.0,1,False,False,True,False,False,3
22234_es,22234,es,"41.620467,0.1919892",41.620467,0.1919892,BALLOBAR,Ballobar,"Ballobar, Bajo Cinca / Baix Cinca, Huesca, Aragón, España","free-text: 22234 BALLOBAR, Spain (country=es)",True,True,2026-01-14T18:48:23.696955,OK,1.0,1,False,False,True,False,False,3
23071_es,23071,es,"37.7728858,-3.7883289",37.7728858,-3.7883289,JAÉN,Jaén,"Jaén, Andalucía, España","free-text: 23071 JAÉN, Spain (country=es)",True,True,2026-01-14T18:48:36.031448,OK,1.0,1,False,False,True,False,False,3
2384909_pt,2384909,pt,"39.4585519,-8.6697497",39.4585519,-8.6697497,Alcanena,Alcanena,"Alcanena, Santarém, Portugal","structured: {'postalcode': '2384-909', 'city': 'Alcanena', 'country': 'Portugal'} (country=pt)",True,True,2026-01-14T18:48:41.678279,OK,1.0,1,False,False,True,False,False,3
2695727_pt,2695727,pt,"38.8229526,-9.0909932",38.8229526,-9.0909932,LOURES,Loures,"2695-727, Santa Iria de Azoia, São João da Talha e Bobadela, Loures, Lisboa, Portugal","free-text: 2695-727, Portugal (country=pt)",True,True,2026-01-14T18:49:56.826787,OK,1.0,1,False,False,True,False,False,3
2780157_pt,2780157,pt,"38.6962556,-9.3213186",38.6962556,-9.3213186,Oeiras,Oeiras,"2780-157, Quinta do Marquês, Oeiras e São Julião da Barra, Paço de Arcos e Caxias, Oeiras, Lisboa, Portugal","free-text: 2780-157, Portugal (country=pt)",True,True,2026-01-14T18:50:17.738276,OK,1.0,1,False,False,True,False,False,3
28871_es,28871,es,"40.481954,-3.363981",40.481954,-3.363981,ALCALÁ DE HENARES,Alcalá de Henares,"Alcalá de Henares, Comunidad de Madrid, España","free-text: 28871 ALCALÁ DE HENARES, Spain (country=es)",True,True,2026-01-14T18:51:22.757468,OK,1.0,1,False,False,True,False,False,3
2910440_pt,2910440,pt,"38.5241783,-8.8932341",38.5241783,-8.8932341,Setubal,Setúbal,"Setúbal, Portugal","structured: {'postalcode': '2910-440', 'city': 'Setubal', 'country': 'Portugal'} (country=pt)",True,True,2026-01-14T18:52:11.030139,OK,1.0,1,False,False,True,False,False,3
2950401_pt,2950401,pt,"38.569601,-8.9011653",38.569601,-8.9011653,PALMELA,Palmela,"Palmela, Setúbal, Portugal","structured: {'postalcode': '2950-401', 'city': 'PALMELA', 'country': 'Portugal'} (country=pt)",True,True,2026-01-14T18:52:25.885297,OK,1.0,1,False,False,True,False,False,3
30071_es,30071,es,"37.9923795,-1.1305431",37.9923795,-1.1305431,MURCIA,Murcia,"Murcia, Área Metropolitana de Murcia, Región de Murcia, España","free-text: 30071 MURCIA, Spain (country=es)",True,True,2026-01-14T18:52:51.810373,OK,1.0,1,False,False,True,False,False,3
3100517_pt,3100517,pt,"39.9161851,-8.6279171",39.9161851,-8.6279171,POMBAL,Pombal,"Pombal, Leiria, Portugal","structured: {'postalcode': '3100-517', 'city': 'POMBAL', 'country': 'Portugal'} (country=pt)",True,True,2026-01-14T18:53:35.332286,OK,1.0,1,False,False,True,False,False,3
33318_es,33318,es,"43.4813776,-5.4344978",43.4813776,-5.4344978,VILLAVICIOSA,Villaviciosa,"Villaviciosa, Asturias / Asturies, España","free-text: 33318 VILLAVICIOSA, Spain (country=es)",True,True,2026-01-14T18:54:13.496497,OK,1.0,1,False,False,True,False,False,3
33425_es,33425,es,"43.4544809,-5.8506737",43.4544809,-5.8506737,LLANERA,Llanera,"Llanera, Asturias / Asturies, España","free-text: 33425 LLANERA, Spain (country=es)",True,True,2026-01-14T18:54:19.534163,OK,1.0,1,False,False,True,False,False,3
33682_es,33682,es,"43.2349958,-5.769932",43.2349958,-5.769932,MIERES,Mieres,"Mieres, Asturias / Asturies, España","structured: {'city': 'MIERES', 'country': 'Spain'} (country=es)",True,True,2026-01-14T18:54:30.377948,OK,1.0,1,False,False,True,False,False,3
34071_es,34071,es,"42.0108856,-4.5328735",42.0108856,-4.5328735,PALENCIA,Palencia,"Palencia, Castilla y León, España","free-text: 34071 PALENCIA, Spain (country=es)",True,True,2026-01-14T18:54:44.728494,OK,1.0,1,False,False,True,False,False,3
36555_es,36555,es,"42.5900309,-8.3509643",42.5900309,-8.3509643,FORCAREI,Forcarei,"Forcarei, Tabeirós - Terra de Montes, Pontevedra, Galicia, España","free-text: 36555 FORCAREI, Spain (country=es)",True,True,2026-01-14T18:55:08.107890,OK,1.0,1,False,False,True,False,False,3
4050253_pt,4050253,pt,"41.1410678,-8.6162974",41.1410678,-8.6162974,Porto,Porto,"4050-253, Cedofeita, Santo Ildefonso, Sé, Miragaia, São Nicolau e Vitória, Porto, Portugal","free-text: 4050-253, Portugal (country=pt)",True,True,2026-01-14T18:55:46.150007,OK,1.0,1,False,False,True,False,False,3
4050314_pt,4050314,pt,"41.1481511,-8.6143338",41.1481511,-8.6143338,Porto,Porto,"4050-314, Baixa do Porto, Oliveiras, Centro Histórico, Cedofeita, Santo Ildefonso, Sé, Miragaia, São Nicolau e Vitória, Porto, Portugal","free-text: 4050-314, Portugal (country=pt)",True,True,2026-01-14T18:55:47.112664,OK,1.0,1,False,False,True,False,False,3
4169005_pt,4169005,pt,"41.1531909,-8.6718578",41.1531909,-8.6718578,Porto,Porto,"4169-005, Aldoar, Foz do Douro e Nevogilde, Porto, Portugal","free-text: 4169-005, Portugal (country=pt)",True,True,2026-01-14T18:55:56.105622,OK,1.0,1,False,False,True,False,False,3
4169007_pt,4169007,pt,"41.1523603,-8.6375845",41.1523603,-8.6375845,Porto,Porto,"4169-007, Lordelo do Ouro e Massarelos, Porto, Portugal","free-text: 4169-007, Portugal (country=pt)",True,True,2026-01-14T18:55:57.104487,OK,1.0,1,False,False,True,False,False,3
43080_es,43080,es,"41.1172364,1.2546057",41.1172364,1.2546057,TARRAGONA,Tarragona,"Tarragona, Tarragonès, Tarragona, Catalunya, España","free-text: 43080 TARRAGONA, Spain (country=es)",True,True,2026-01-14T18:56:20.736624,OK,1.0,1,False,False,True,False,False,3
4440544_pt,4440544,pt,"41.1918531,-8.5087144",41.1918531,-8.5087144,VALONGO,Valongo,"4440-544, Valongo, Porto, Portugal","free-text: 4440-544, Portugal (country=pt)",True,True,2026-01-14T18:56:49.167212,OK,1.0,1,False,False,True,False,False,3
4715330_pt,4715330,pt,"41.5510583,-8.4280045",41.5510583,-8.4280045,Braga,Braga,"Braga, Portugal","structured: {'postalcode': '4715-330', 'city': 'Braga', 'country': 'Portugal'} (country=pt)",True,True,2026-01-14T18:57:55.222319,OK,1.0,1,False,False,True,False,False,3
4745457_pt,4745457,pt,"41.3363471,-8.5585061",41.3363471,-8.5585061,Trofa,Trofa,"Trofa, Porto, Portugal","structured: {'postalcode': '4745-457', 'city': 'Trofa', 'country': 'Portugal'} (country=pt)",True,True,2026-01-14T18:58:08.298817,OK,1.0,1,False,False,True,False,False,3
47900_es,47900,es,"41.6521807,-4.728605",41.6521807,-4.728605,VALLADOLID,Valladolid,"Valladolid, Castilla y León, España","free-text: 47900 VALLADOLID, Spain (country=es)",True,True,2026-01-14T18:58:22.584497,OK,1.0,1,False,False,True,False,False,3
50293_es,50293,es,"41.3272812,-1.7131395",41.3272812,-1.7131395,Terrer,Terrer,"Terrer, Comunidad de Calatayud, Zaragoza, Aragón, España","free-text: 50293 Terrer, Spain (country=es)",True,True,2026-01-14T18:58:55.515272,OK,1.0,1,False,False,True,False,False,3
50784_es,50784,es,"41.3277906,-0.4297406",41.3277906,-0.4297406,LA ZAIDA,La Zaida,"La Zaida, Ribera Baja del Ebro, Zaragoza, Aragón, España","free-text: 50784 LA ZAIDA, Spain (country=es)",True,True,2026-01-14T18:59:01.740266,OK,1.0,1,False,False,True,False,False,3
69469_other,69469_other,other,"49.5462349,8.6717458",49.5462349,8.6717458,WEINHEIM,Weinheim,"Weinheim, Rhein-Neckar-Kreis, Baden-Württemberg, 69469, Deutschland","structured: {'city': 'WEINHEIM', 'postalcode': '69469'}",True,True,2026-01-14T18:59:06.361331,OK,1.0,1,False,False,True,False,False,3
7004516_pt,7004516,pt,"38.5707742,-7.9092808",38.5707742,-7.9092808,Evora,Évora,"Évora, Portugal","structured: {'postalcode': '7004-516', 'city': 'Evora', 'country': 'Portugal'} (country=pt)",True,True,2026-01-14T18:59:19.416747,OK,1.0,1,False,False,True,False,False,3
8125901_pt,8125901,pt,"37.0712719,-8.1022591",37.0712719,-8.1022591,QUARTEIRA,Quarteira,"Quarteira, Loulé, Faro, Portugal","structured: {'postalcode': '8125-901', 'city': 'QUARTEIRA', 'country': 'Portugal'} (country=pt)",True,True,2026-01-14T18:59:30.301481,OK,1.0,1,False,False,True,False,False,3
03008_es,03008,es,"38.2908818,-0.5193415",38.2908818,-0.5193415,ALICANTE,,"03008, España","structured: {'postalcode': '03008', 'country': 'Spain'} (country=es)",True,False,2026-01-14T18:42:47.439264,OK,0.0,1,True,False,False,False,False,2
30816_es,30816,es,"37.7136894,-1.5885027",37.7136894,-1.5885027,Lorca,,"30816, Región de Murcia, España","structured: {'postalcode': '30816', 'country': 'Spain'} (country=es)",True,False,2026-01-14T18:53:28.243443,OK,0.0,1,True,False,False,False,False,2
36418_es,36418,es,"42.2398703,-8.6307304",42.2398703,-8.6307304,CATABOI (ATIOS),Redondela,"36418, Vilar de Infesta, Redondela, Vigo, Pontevedra, Galicia, España","structured: {'postalcode': '36418', 'country': 'Spain'} (country=es)",True,False,2026-01-14T18:55:05.030523,OK,0.08333333333333333,1,True,False,False,False,False,2
39706_es,39706,es,"43.3541837,-3.18442",43.3541837,-3.18442,ONTÓN,Castro-Urdiales,"39706, Castro-Urdiales, Cantabria, España","structured: {'postalcode': '39706', 'country': 'Spain'} (country=es)",True,False,2026-01-14T18:55:44.103452,OK,0.1,1,True,False,False,False,False,2
31110_es,31110,es,"42.7627601,-1.635515",42.7627601,-1.635515,NOAIN,Valle de Elorz / Elortzibar,"31110, Valle de Elorz / Elortzibar, Iruñerria, Navarra, Navarra / Nafarroa, España","structured: {'postalcode': '31110', 'country': 'Spain'} (country=es)",True,False,2026-01-14T18:53:41.334282,OK,0.125,1,True,False,False,False,False,2
36416_es,36416,es,"42.202905,-8.6550699",42.202905,-8.6550699,MOS,San Eleuterio,"36416, Tameiga, San Eleuterio, Mos, Vigo, Pontevedra, Galicia, España","structured: {'postalcode': '36416', 'country': 'Spain'} (country=es)",True,False,2026-01-14T18:55:04.027710,OK,0.125,1,True,False,False,False,False,2
09007_es,09007,es,"42.3538229,-3.6561227",42.3538229,-3.6561227,VILLAFRIA,Burgos,"09007, Burgos, Castilla y León, España","structured: {'postalcode': '09007', 'country': 'Spain'} (country=es)",True,False,2026-01-14T18:45:24.787831,OK,0.13333333333333333,1,True,False,False,False,False,2
18130_es,18130,es,"37.1932511,-3.533496",37.1932511,-3.533496,ESCUZAR,Granada,"18130, Fargue, Albaicín, Granada, Comarca de la Vega de Granada, Granada, Andalucía, España","structured: {'postalcode': '18130', 'country': 'Spain'} (country=es)",True,False,2026-01-14T18:47:39.382737,OK,0.14285714285714285,1,True,False,False,False,False,2
22535_es,22535,es,"41.7569414,0.3004292",41.7569414,0.3004292,ESPLUS,La Litera / La Llitera,"Esplús, La Litera / La Llitera, Huesca, Aragón, 22549, España","free-text: 22535 ESPLUS, Spain (country=es)",True,False,2026-01-14T18:48:29.714282,OK,0.14285714285714285,1,True,False,False,False,False,2
24008_es,24008,es,"42.6106423,-5.5784926",42.6106423,-5.5784926,NAVATEJERA,León,"24008, Renueva - San Esteban, León, Castilla y León, España","structured: {'postalcode': '24008', 'country': 'Spain'} (country=es)",True,False,2026-01-14T18:48:43.683054,OK,0.14285714285714285,1,True,False,False,False,False,2
2855126_pt,2855126,pt,"38.6275839,-9.1535847",38.6275839,-9.1535847,CORROIOS,Seixal,"2855-126, Zona Residencial de Santa Marta do Pinhal e de Corroios, e de Quinta da Marialva, Corroios, Seixal, Setúbal, Portugal","free-text: 2855-126, Portugal (country=pt)",True,False,2026-01-14T18:51:08.664285,OK,0.14285714285714285,1,True,False,False,False,False,2
28931_es,28931,es,"40.323771,-3.8654485",40.323771,-3.8654485,MADRID,Móstoles,"28931, Móstoles, Comunidad de Madrid, España","structured: {'postalcode': '28931', 'country': 'Spain'} (country=es)",True,False,2026-01-14T18:51:31.680938,OK,0.14285714285714285,1,True,False,False,False,False,2
28938_es,28938,es,"40.3132883,-3.8645849",40.3132883,-3.8645849,MADRID,Móstoles,"28938, Móstoles, Comunidad de Madrid, España","structured: {'postalcode': '28938', 'country': 'Spain'} (country=es)",True,False,2026-01-14T18:51:34.642205,OK,0.14285714285714285,1,True,False,False,False,False,2
36315_es,36315,es,"42.1734958,-8.7218799",42.1734958,-8.7218799,VALLADARES,Vigo,"36315, Valadares, Vigo, Pontevedra, Galicia, España","structured: {'postalcode': '36315', 'country': 'Spain'} (country=es)",True,False,2026-01-14T18:55:00.042858,OK,0.14285714285714285,1,True,False,False,False,False,2
33584_es,33584,es,"43.3630767,-5.2604478",43.3630767,-5.2604478,SEVARES,Piloña,"Sebares, Piloña, Asturias / Asturies, 33583, España","free-text: 33584 SEVARES, Spain (country=es)",True,False,2026-01-14T18:54:24.417077,OK,0.15384615384615385,1,True,False,False,False,False,2
31170_es,31170,es,"42.8165653,-1.721839",42.8165653,-1.721839,ARAZURI,Cendea de Olza / Oltza Zendea,"31170, Arazuri, Cendea de Olza / Oltza Zendea, Iruñerria, Navarra, Navarra / Nafarroa, España","structured: {'postalcode': '31170', 'country': 'Spain'} (country=es)",True,False,2026-01-14T18:53:45.252131,OK,0.16666666666666666,1,True,False,False,False,False,2
31621_es,31621,es,"42.8117062,-1.5964327",42.8117062,-1.5964327,SARRIGUREN,Valle de Egüés / Eguesibar,"31621, Sarriguren, Valle de Egüés / Eguesibar, Iruñerria, Navarra, Navarra / Nafarroa, España","structured: {'postalcode': '31621', 'country': 'Spain'} (country=es)",True,False,2026-01-14T18:53:55.299934,OK,0.16666666666666666,1,True,False,False,False,False,2
2829516_pt,2829516,pt,"38.6607823,-9.2049637",38.6607823,-9.2049637,CAPARICA (MONTE DE CAPARICA ),Almada,"2829-516, Caparica e Trafaria, Almada, Setúbal, Portugal","free-text: 2829-516, Portugal (country=pt)",True,False,2026-01-14T18:51:04.683415,OK,0.17142857142857143,1,True,False,False,False,False,2
08470_es,08470,es,"41.6469517,2.5085172",41.6469517,2.5085172,SANT CELONI,Vallgorguina,"08470, Vallgorguina, Vallès Oriental, Barcelona, Catalunya, España","structured: {'postalcode': '08470', 'country': 'Spain'} (country=es)",True,False,2026-01-14T18:44:35.445137,OK,0.17391304347826086,1,True,False,False,False,False,2
17410_es,17410,es,"41.8081628,2.7475868",41.8081628,2.7475868,MAÇANET DE LA SELVA,Sils,"17410, Sils, la Selva, Girona, Catalunya, España","structured: {'postalcode': '17410', 'country': 'Spain'} (country=es)",True,False,2026-01-14T18:47:16.327280,OK,0.17391304347826086,1,True,False,False,False,False,2
24009_es,24009,es,"42.5952964,-5.5873189",42.5952964,-5.5873189,ARMUNIA,León,"24009, La Vega, León, Castilla y León, España","structured: {'postalcode': '24009', 'country': 'Spain'} (country=es)",True,False,2026-01-14T18:48:44.679003,OK,0.18181818181818182,1,True,False,False,False,False,2
26080_es,26080,es,"42.4369079,-2.4473955",42.4369079,-2.4473955,OION,Lardero,"26080, Lardero, La Rioja, España","structured: {'postalcode': '26080', 'country': 'Spain'} (country=es)",True,False,2026-01-14T18:49:13.671346,OK,0.18181818181818182,1,True,False,False,False,False,2
31490_es,31490,es,"42.4553707,-1.6215389",42.4553707,-1.6215389,CASEDA,Beire,"31490, Calle Norte, Beire, Erdialdea, Navarra, Navarra / Nafarroa, 31393, España","free-text: 31490, Spain (country=es)",True,False,2026-01-14T18:53:51.358607,OK,0.18181818181818182,1,True,False,False,False,False,2
04710_es,04710,es,"36.7826429,-2.7629277",36.7826429,-2.7629277,SANTA MARÍA DEL ÁGUILA (Almería),El Ejido,"04710, El Ejido, Almería, Andalucía, España","structured: {'postalcode': '04710', 'country': 'Spain'} (country=es)",True,False,2026-01-14T18:43:05.457261,OK,0.2,1,True,False,False,False,False,2
27160_es,27160,es,"42.9742156,-7.5149408",42.9742156,-7.5149408,NADELA,Lugo,"27160, San Xoán de Pena, Lugo, Galicia, España","structured: {'postalcode': '27160', 'country': 'Spain'} (country=es)",True,False,2026-01-14T18:50:05.698710,OK,0.2,1,True,False,False,False,False,2
2100406_pt,2100406,pt,"39.0661324,-8.4694893",39.0661324,-8.4694893,SÃO JOSÉ DA LAMAROSA (OLHEIROS ),Coruche,"2100-406, São José da Lamarosa, Coruche, Santarém, Portugal","free-text: 2100-406, Portugal (country=pt)",True,False,2026-01-14T18:48:16.647511,OK,0.20512820512820512,1,True,False,False,False,False,2
09071_es,09071,es,"42.3469331,-3.6955856",42.3469331,-3.6955856,CARDAÑAJIMENO,Burgos,"09071, Distrito Centro Norte, Burgos, Castilla y León, España","structured: {'postalcode': '09071', 'country': 'Spain'} (country=es)",True,False,2026-01-14T19:00:08.032278,OK,0.21052631578947367,1,True,False,False,False,False,2
28045_es,28045,es,"40.3971471,-3.693204",40.3971471,-3.693204,,Madrid,"28045, Arganzuela, Madrid, Comunidad de Madrid, España","structured: {'postalcode': '28045', 'country': 'Spain'} (country=es)",True,False,2026-01-14T18:50:43.629513,OK,0.2222222222222222,1,True,False,False,False,False,2
32901_es,32901,es,"42.2826138,-7.8165711",42.2826138,-7.8165711,OURENSE,San Cibrao das Viñas,"32901, Santa Cruz da Rabeda, San Cibrao das Viñas, Ourense, Galicia, España","structured: {'postalcode': '32901', 'country': 'Spain'} (country=es)",True,False,2026-01-14T18:54:02.337269,OK,0.2222222222222222,1,True,False,False,False,False,2
7300405_pt,7300405,pt,"39.2961284,-7.3910594",39.2961284,-7.3910594,REGUENGO,Portalegre,"7300-405, Reguengo e São Julião, Portalegre, Portugal","free-text: 7300-405, Portugal (country=pt)",True,False,2026-01-14T18:59:20.372235,OK,0.2222222222222222,1,True,False,False,False,False,2
08960_es,08960,es,"41.3842472,2.065444",41.3842472,2.065444,BARCELONA,Sant Just Desvern,"08960, Sant Just Desvern, Baix Llobregat, Barcelona, Catalunya, España","structured: {'postalcode': '08960', 'country': 'Spain'} (country=es)",True,False,2026-01-14T18:45:20.783627,OK,0.23076923076923078,1,True,False,False,False,False,2
46006_es,46006,es,"39.4607902,-0.3738351",39.4607902,-0.3738351,TARRAGONA,València,"46006, l'Eixample, València, Comarca de València, València / Valencia, Comunitat Valenciana, España","structured: {'postalcode': '46006', 'country': 'Spain'} (country=es)",True,False,2026-01-14T18:57:18.147879,OK,0.23529411764705882,1,True,False,False,False,False,2
03380_es,03380,es,"38.0630092,-0.8973061",38.0630092,-0.8973061,ALICANTE,Bigastro,"03380, Bigastro, el Baix Segura / La Vega Baja, Alacant / Alicante, Comunitat Valenciana, España","structured: {'postalcode': '03380', 'country': 'Spain'} (country=es)",True,False,2026-01-14T18:42:52.438354,OK,0.25,1,True,False,False,False,False,2
04120_es,04120,es,"36.8402049,-2.4074701",36.8402049,-2.4074701,LA CAÑADA,Almería,"04120, Almería, Andalucía, España","structured: {'postalcode': '04120', 'country': 'Spain'} (country=es)",True,False,2026-01-14T18:42:58.438233,OK,0.25,1,True,False,False,False,False,2
24193_es,24193,es,"42.6312309,-5.56827",42.6312309,-5.56827,NAVATEJERA,Villaquilambre,"24193, Villaquilambre, León, Castilla y León, España","structured: {'postalcode': '24193', 'country': 'Spain'} (country=es)",True,False,2026-01-14T18:48:46.673614,OK,0.25,1,True,False,False,False,False,2
28100_es,28100,es,"40.5477906,-3.6474772",40.5477906,-3.6474772,MADRID,Alcobendas,"28100, Alcobendas, Comunidad de Madrid, España","structured: {'postalcode': '28100', 'country': 'Spain'} (country=es)",True,False,2026-01-14T18:50:53.636831,OK,0.25,1,True,False,False,False,False,2
31195_es,31195,es,"42.8456381,-1.6861332",42.8456381,-1.6861332,AIZOAIN,Berrioplano / Berriobeiti,"31195, Berriobeiti, Berrioplano / Berriobeiti, Iruñerria, Navarra, Navarra / Nafarroa, España","structured: {'postalcode': '31195', 'country': 'Spain'} (country=es)",True,False,2026-01-14T18:53:47.293201,OK,0.25,1,True,False,False,False,False,2
08193_es,08193,es,"41.5016503,2.1001469",41.5016503,2.1001469,BELLATERRA,Cerdanyola del Vallès,"08193, Cerdanyola del Vallès, Vallès Occidental, Barcelona, Catalunya, España","structured: {'postalcode': '08193', 'country': 'Spain'} (country=es)",True,False,2026-01-14T18:44:09.445711,OK,0.25806451612903225,1,True,False,False,False,False,2
08014_es,08014,es,"41.3737633,2.1386241",41.3737633,2.1386241,MADRID,Barcelona,"08014, Sants-Montjuïc, Barcelona, Barcelonès, Barcelona, Catalunya, España","structured: {'postalcode': '08014', 'country': 'Spain'} (country=es)",True,False,2026-01-14T18:43:33.444852,OK,0.26666666666666666,1,True,False,False,False,False,2
17469_es,17469,es,"42.2364016,3.0100329",42.2364016,3.0100329,Vilamalla,Fortià,"17469, Fortià, Alt Empordà, Girona, Catalunya, España","structured: {'postalcode': '17469', 'country': 'Spain'} (country=es)",True,False,2026-01-14T18:47:21.321442,OK,0.26666666666666666,1,True,False,False,False,False,2
30100_es,30100,es,"38.0142081,-1.1627103",38.0142081,-1.1627103,ESPINARDO,Murcia,"30100, El Puntal, Murcia, Área Metropolitana de Murcia, Región de Murcia, España","structured: {'postalcode': '30100', 'country': 'Spain'} (country=es)",True,False,2026-01-14T18:52:52.544621,OK,0.26666666666666666,1,True,False,False,False,False,2
43130_es,43130,es,"41.1589109,1.2428622",41.1589109,1.2428622,SANT SALVADOR,Tarragona,"43130, Tarragona, Tarragonès, Tarragona, Catalunya, España","structured: {'postalcode': '43130', 'country': 'Spain'} (country=es)",True,False,2026-01-14T18:56:23.165214,OK,0.2727272727272727,1,True,False,False,False,False,2
33934_es,33934,es,"43.3028582,-5.7059876",43.3028582,-5.7059876,LA FELGUERA,Llangréu / Langreo,"33934, Llangréu / Langreo, Asturias / Asturies, España","structured: {'postalcode': '33934', 'country': 'Spain'} (country=es)",True,False,2026-01-14T18:54:36.374096,OK,0.27586206896551724,1,True,False,False,False,False,2
27618_es,27618,es,"42.7434737,-7.4251132",42.7434737,-7.4251132,A VALIÑA,Sarria,"27618, San Pedro de Froián, Sarria, Lugo, Galicia, España","structured: {'postalcode': '27618', 'country': 'Spain'} (country=es)",True,False,2026-01-14T18:50:16.698162,OK,0.2857142857142857,1,True,False,False,False,False,2
08849_es,08849,es,"41.3365584,1.9976665",41.3365584,1.9976665,TORDERA,Sant Climent de Llobregat,"08849, Sant Climent de Llobregat, Baix Llobregat, Barcelona, Catalunya, España","structured: {'postalcode': '08849', 'country': 'Spain'} (country=es)",True,False,2026-01-14T18:45:06.792706,OK,0.3125,1,True,False,False,False,False,2
36410_es,36410,es,"42.1523578,-8.6321296",42.1523578,-8.6321296,PONTEVEDRA,O Porriño,"36410, Torneiros, O Porriño, Vigo, Pontevedra, Galicia, España","structured: {'postalcode': '36410', 'country': 'Spain'} (country=es)",True,False,2026-01-14T18:55:03.031598,OK,0.3157894736842105,1,True,False,False,False,False,2
47007_es,47007,es,"41.637965,-4.7344751",41.637965,-4.7344751,TARRAGONA,Valladolid,"47007, Plaza de Toros, Valladolid, Castilla y León, España","structured: {'postalcode': '47007', 'country': 'Spain'} (country=es)",True,False,2026-01-14T18:57:44.163269,OK,0.3157894736842105,1,True,False,False,False,False,2
08037_es,08037,es,"41.3992726,2.1648522",41.3992726,2.1648522,,Barcelona,"08037, Eixample, Barcelona, Barcelonès, Barcelona, Catalunya, España","structured: {'postalcode': '08037', 'country': 'Spain'} (country=es)",True,False,2026-01-14T18:43:47.460344,OK,0.3333333333333333,1,True,False,False,False,False,2
08913_es,08913,es,"41.438756,2.2184246",41.438756,2.2184246,BELLATERRA,Badalona,"08913, Districte 4, Badalona, Barcelonès, Barcelona, Catalunya, España","structured: {'postalcode': '08913', 'country': 'Spain'} (country=es)",True,False,2026-01-14T18:45:11.800123,OK,0.3333333333333333,1,True,False,False,False,False,2
15565_es,15565,es,"43.5333215,-7.9321387",43.5333215,-7.9321387,AS SOMOZAS,A Igrexa,"15565, As Somozas, A Igrexa, As Somozas, Ferrol, A Coruña, Galicia, España","structured: {'postalcode': '15565', 'country': 'Spain'} (country=es)",True,False,2026-01-14T18:46:46.786210,OK,0.3333333333333333,1,True,False,False,False,False,2
21001_es,21001,es,"37.2683121,-6.8623525",37.2683121,-6.8623525,HUELVA,Moguer,"21001, Moguer, Comarca Metropolitana de Huelva, Huelva, Andalucía, España","structured: {'postalcode': '21001', 'country': 'Spain'} (country=es)",True,False,2026-01-14T18:48:17.630708,OK,0.3333333333333333,1,True,False,False,False,False,2
26315_es,26315,es,"42.3676717,-2.656902",42.3676717,-2.656902,ALESON,Santa Coloma,"26315, Santa Coloma, La Rioja, España","structured: {'postalcode': '26315', 'country': 'Spain'} (country=es)",True,False,2026-01-14T18:49:15.706523,OK,0.3333333333333333,1,True,False,False,False,False,2
17121_es,17121,es,"41.9841356,3.0111422",41.9841356,3.0111422,Gerona,Corçà,"17121, Corçà, Baix Empordà, Girona, Catalunya, España","structured: {'postalcode': '17121', 'country': 'Spain'} (country=es)",True,False,2026-01-14T18:47:14.330608,OK,0.36363636363636365,1,True,False,False,False,False,2
17461_es,17461,es,"42.0234132,2.850676",42.0234132,2.850676,GIRONA,Celrà,"17461, Celrà, Gironès, Girona, Catalunya, España","structured: {'postalcode': '17461', 'country': 'Spain'} (country=es)",True,False,2026-01-14T18:47:20.308263,OK,0.36363636363636365,1,True,False,False,False,False,2
37439_es,37439,es,"41.018168,-5.6066335",41.018168,-5.6066335,CASTELLANOS DE MORISCOS,San Cristóbal de la Cuesta,"37439, San Cristóbal de la Cuesta, Salamanca, Castilla y León, España","structured: {'postalcode': '37439', 'country': 'Spain'} (country=es)",True,False,2026-01-14T18:55:16.031537,OK,0.3673469387755102,1,True,False,False,False,False,2
3405155_pt,3405155,pt,"40.4028875,-7.8547296",40.4028875,-7.8547296,LAGARES OHP (LAGARES DA BEIRA ),Lagares,"3405-155, Lagares, Oliveira do Hospital, Coimbra, Portugal","free-text: 3405-155, Portugal (country=pt)",True,False,2026-01-14T18:54:40.496484,OK,0.3684210526315789,1,True,False,False,False,False,2
30150_es,30150,es,"37.9379664,-1.1411199",37.9379664,-1.1411199,LA ALBERCA,Murcia,"30150, La Alberca, Murcia, Área Metropolitana de Murcia, Región de Murcia, España","structured: {'postalcode': '30150', 'country': 'Spain'} (country=es)",True,False,2026-01-14T18:52:56.484727,OK,0.375,1,True,False,False,False,False,2
28210_es,28210,es,"40.5417372,-4.2007234",40.5417372,-4.2007234,VALDEMORILLO,Zarzalejo,"28210, Zarzalejo, Comunidad de Madrid, España","structured: {'postalcode': '28210', 'country': 'Spain'} (country=es)",True,False,2026-01-14T18:50:55.647291,OK,0.38095238095238093,1,True,False,False,False,False,2
08445_es,08445,es,"41.6962492,2.3360996",41.6962492,2.3360996,LLINARS DEL VALLES,Cànoves i Samalús,"08445, Cànoves i Samalús, Vallès Oriental, Barcelona, Catalunya, España","structured: {'postalcode': '08445', 'country': 'Spain'} (country=es)",True,False,2026-01-14T18:44:33.479620,OK,0.4,1,True,False,False,False,False,2
09193_es,09193,es,"42.3039092,-3.6265666",42.3039092,-3.6265666,CARDAÑAJIMENO,Carcedo de Burgos,"09193, Carcedo de Burgos, Burgos, Castilla y León, España","structured: {'postalcode': '09193', 'country': 'Spain'} (country=es)",True,False,2026-01-14T18:45:26.800833,OK,0.4,1,True,False,False,False,False,2
33719_es,33719,es,"43.5411839,-6.7391278",43.5411839,-6.7391278,NAVIA,Coaña,"33719, Coaña, Asturias / Asturies, España","structured: {'postalcode': '33719', 'country': 'Spain'} (country=es)",True,False,2026-01-14T18:54:32.348325,OK,0.4,1,True,False,False,False,False,2
12100_es,12100,es,"39.9852351,0.01761",39.9852351,0.01761,GRAO CASTELLÓN,Castelló de la Plana / Castellón de la Plana,"12100, Castelló de la Plana / Castellón de la Plana, la Plana Alta, Castelló / Castellón, Comunitat Valenciana, España","structured: {'postalcode': '12100', 'country': 'Spain'} (country=es)",True,False,2026-01-14T18:46:01.789139,OK,0.41379310344827586,1,True,False,False,False,False,2
31191_es,31191,es,"42.7515213,-1.655807",42.7515213,-1.655807,GALAR (CORDOVILLA ),Galar,"31191, Galar, Iruñerria, Navarra, Navarra / Nafarroa, España","structured: {'postalcode': '31191', 'country': 'Spain'} (country=es)",True,False,2026-01-14T18:53:46.326144,OK,0.4166666666666667,1,True,False,False,False,False,2
AD500_ad,AD500,ad,"42.4979185,1.5032264",42.4979185,1.5032264,ANDORRA,Santa Coloma,"AD500, Santa Coloma, Andorra la Vella, Andorra","structured: {'postalcode': 'AD500', 'country': 'Andorra'} (country=ad)",True,False,2026-01-14T19:00:07.043504,OK,0.42105263157894735,1,True,False,False,False,False,2
15822_es,15822,es,"42.8663707,-8.3318387",42.8663707,-8.3318387,FONTE DÍAZ - TOURO,Touro,"15822, Loxo, Touro, Arzúa, A Coruña, Galicia, España","structured: {'postalcode': '15822', 'country': 'Spain'} (country=es)",True,False,2026-01-14T18:46:55.313206,OK,0.43478260869565216,1,True,False,False,False,False,2
07009_es,07009,es,"39.6015524,2.6685211",39.6015524,2.6685211,Palma de Mallorca,Palma,"07009, Palma, Illes Balears, España","structured: {'postalcode': '07009', 'country': 'Spain'} (country=es)",True,False,2026-01-14T18:43:18.450341,OK,0.45454545454545453,1,True,False,False,False,False,2
07011_es,07011,es,"39.5969401,2.6157306",39.5969401,2.6157306,Palma de Mallorca,Palma,"07011, Palma, Illes Balears, España","structured: {'postalcode': '07011', 'country': 'Spain'} (country=es)",True,False,2026-01-14T18:43:19.462410,OK,0.45454545454545453,1,True,False,False,False,False,2
03006_es,03006,es,"38.3448838,-0.5065198",38.3448838,-0.5065198,ALICANTE/ALACANT,Alacant / Alicante,"03006, Alacant / Alicante, l'Alacantí, Alacant / Alicante, Comunitat Valenciana, España","structured: {'postalcode': '03006', 'country': 'Spain'} (country=es)",True,False,2026-01-14T18:42:45.453418,OK,0.47058823529411764,1,True,False,False,False,False,2
30350_es,30350,es,"37.5805408,-0.9231839",37.5805408,-0.9231839,VALLE ESCOMBRERAS - CARTAGENA,Cartagena,"Valle de Escombreras, Complejo Industrial Valle de Escombreras, Escombreras, Cartagena, Campo de Cartagena y Mar Menor, Región de Murcia, 30351, España","free-text: 30350 VALLE ESCOMBRERAS - CARTAGENA, Spain (country=es)",True,False,2026-01-14T18:53:09.706566,OK,0.47368421052631576,1,True,False,False,False,False,2
24392_es,24392,es,"42.4896946,-5.7297292",42.4896946,-5.7297292,VILLADANGOS DEL PÁRAMO,Chozas de Abajo,"24392, Chozas de Abajo, León, Castilla y León, España","structured: {'postalcode': '24392', 'country': 'Spain'} (country=es)",True,False,2026-01-14T18:48:47.679282,OK,0.4864864864864865,1,True,False,False,False,False,2
32300_es,32300,es,"42.4160978,-6.9861971",42.4160978,-6.9861971,O BARCO DE VALDEORRAS,O Barco,"32300, O Barco, O Barco de Valdeorras, Valdeorras, Ourense, Galicia, España","structured: {'postalcode': '32300', 'country': 'Spain'} (country=es)",True,False,2026-01-14T18:53:59.377921,OK,0.5,1,True,False,False,False,False,2
43540_es,43540,es,"40.6647979,0.6615963",40.6647979,0.6615963,La Ràpita,Amposta,"43540, Amposta, Montsià, Tarragona, Catalunya, España","structured: {'postalcode': '43540', 'country': 'Spain'} (country=es)",True,False,2026-01-14T18:56:29.165278,OK,0.5,1,True,False,False,False,False,2
17404_es,17404,es,"41.733571,2.5492392",41.733571,2.5492392,RIELLS,Riells i Viabrea,"17404, Riells i Viabrea, la Selva, Girona, Catalunya, España","structured: {'postalcode': '17404', 'country': 'Spain'} (country=es)",True,False,2026-01-14T18:47:15.315249,OK,0.5454545454545454,1,True,False,False,False,False,2
31153_es,31153,es,"42.6756366,-1.7313267",42.6756366,-1.7313267,ENÉRIZ,Enériz / Eneritz,"31153, Enériz / Eneritz, Izarbeibar-Novenera, Navarra, Navarra / Nafarroa, España","structured: {'postalcode': '31153', 'country': 'Spain'} (country=es)",True,False,2026-01-14T18:53:43.318277,OK,0.5454545454545454,1,True,False,False,False,False,2
03801_es,03801,es,"38.6965081,-0.4732785",38.6965081,-0.4732785,ALCOY,Alcoi / Alcoy,"03801, Alcoi / Alcoy, l'Alcoià, Alacant / Alicante, Comunitat Valenciana, España","structured: {'postalcode': '03801', 'country': 'Spain'} (country=es)",True,False,2026-01-14T18:42:56.452477,OK,0.5555555555555556,1,True,False,False,False,False,2
03802_es,03802,es,"38.6943428,-0.484941",38.6943428,-0.484941,ALCOY,Alcoi / Alcoy,"03802, Alcoi / Alcoy, l'Alcoià, Alacant / Alicante, Comunitat Valenciana, España","structured: {'postalcode': '03802', 'country': 'Spain'} (country=es)",True,False,2026-01-14T18:42:57.464279,OK,0.5555555555555556,1,True,False,False,False,False,2
03002_es,03002,es,"38.3474484,-0.4774424",38.3474484,-0.4774424,ALACANT,Alacant / Alicante,"03002, Alacant / Alicante, l'Alacantí, Alacant / Alicante, Comunitat Valenciana, España","structured: {'postalcode': '03002', 'country': 'Spain'} (country=es)",True,False,2026-01-14T18:42:44.440090,OK,0.56,1,True,False,False,False,False,2
46113_es,46113,es,"39.5454631,-0.3894538",39.5454631,-0.3894538,MONCADA,Montcada / Moncada,"46113, Montcada / Moncada, l'Horta Nord, València / Valencia, Comunitat Valenciana, España","structured: {'postalcode': '46113', 'country': 'Spain'} (country=es)",True,False,2026-01-14T18:57:26.150886,OK,0.56,1,True,False,False,False,False,2
15310_es,15310,es,"43.1247605,-8.0686785",43.1247605,-8.0686785,TEIXEIRO-CURTIS,Curtis,"15310, Curtis, Betanzos, A Coruña, Galicia, España","structured: {'postalcode': '15310', 'country': 'Spain'} (country=es)",True,False,2026-01-14T18:46:43.785430,OK,0.5714285714285714,1,True,False,False,False,False,2
15679_es,15679,es,"43.3144708,-8.3562459",43.3144708,-8.3562459,TEMPLE (Cambre),Cambre,"15679, O Temple, Cambre, A Coruña, Galicia, España","structured: {'postalcode': '15679', 'country': 'Spain'} (country=es)",True,False,2026-01-14T18:46:49.317800,OK,0.5714285714285714,1,True,False,False,False,False,2
5300253_pt,5300253,pt,"41.794714,-6.7686207",41.794714,-6.7686207,BRAGANÇA (BRAGANÇA ),Bragança,"5300-253, Sé, Santa Maria e Meixedo, Bragança, Portugal","free-text: 5300-253, Portugal (country=pt)",True,False,2026-01-14T18:59:04.304558,OK,0.5714285714285714,1,True,False,False,False,False,2
12530_es,12530,es,"39.8897943,-0.0834069",39.8897943,-0.0834069,BURRIANA,Borriana / Burriana,"12530, Borriana / Burriana, la Plana Baixa, Castelló / Castellón, Comunitat Valenciana, España","structured: {'postalcode': '12530', 'country': 'Spain'} (country=es)",True,False,2026-01-14T18:46:04.802833,OK,0.5925925925925926,1,True,False,False,False,False,2
3800783_pt,3800783,pt,"40.6202195,-8.5679777",40.6202195,-8.5679777,Eixo,Aveiro,"3800-783, Eixo e Eirol, Aveiro, Portugal","free-text: 3800-783, Portugal (country=pt)",True,False,2026-01-14T18:55:21.063019,OK,0.6,1,True,False,False,False,False,2
39310_es,39310,es,"43.4234971,-3.9795327",43.4234971,-3.9795327,VIGO,Miengo,"39310, Miengo, Cantabria, España","structured: {'postalcode': '39310', 'country': 'Spain'} (country=es)",True,False,2026-01-14T18:55:41.134127,OK,0.6,1,True,False,False,False,False,2
22540_es,22540,es,"41.8009797,0.4135833",41.8009797,0.4135833,ALTORRICÓN,Altorricón / el Torricó,"22540, Altorricón / el Torricó, La Litera / La Llitera, Huesca, Aragón, España","structured: {'postalcode': '22540', 'country': 'Spain'} (country=es)",True,False,2026-01-14T18:48:30.665281,OK,0.6060606060606061,1,True,False,False,False,False,2
08508_es,08508,es,"42.0134155,2.2425736",42.0134155,2.2425736,LES MASIES DE VOLTREGA,Sant Hipòlit de Voltregà,"08508, Sant Hipòlit de Voltregà, Osona, Barcelona, Catalunya, España","structured: {'postalcode': '08508', 'country': 'Spain'} (country=es)",True,False,2026-01-14T18:44:40.446528,OK,0.6086956521739131,1,True,False,False,False,False,2
03007_es,03007,es,"38.3420497,-0.5089281",38.3420497,-0.5089281,ALICANTE,Alacant / Alicante,"03007, Alacant / Alicante, l'Alacantí, Alacant / Alicante, Comunitat Valenciana, España","structured: {'postalcode': '03007', 'country': 'Spain'} (country=es)",True,False,2026-01-14T18:42:46.444448,OK,0.6153846153846154,1,True,False,False,False,False,2
03114_es,03114,es,"38.3391181,-0.5684265",38.3391181,-0.5684265,ALICANTE,Alacant / Alicante,"03114, Alacant / Alicante, l'Alacantí, Alacant / Alicante, Comunitat Valenciana, España","structured: {'postalcode': '03114', 'country': 'Spain'} (country=es)",True,False,2026-01-14T18:42:48.444732,OK,0.6153846153846154,1,True,False,False,False,False,2
03559_es,03559,es,"38.3896848,-0.4428048",38.3896848,-0.4428048,ALICANTE,Alacant / Alicante,"03559, Alacant / Alicante, l'Alacantí, Alacant / Alicante, Comunitat Valenciana, España","structured: {'postalcode': '03559', 'country': 'Spain'} (country=es)",True,False,2026-01-14T18:42:53.442277,OK,0.6153846153846154,1,True,False,False,False,False,2
03202_es,03202,es,"38.2743548,-0.6796748",38.2743548,-0.6796748,Elche,Elx / Elche,"03202, Elx / Elche, el Baix Vinalopó, Alacant / Alicante, Comunitat Valenciana, España","structured: {'postalcode': '03202', 'country': 'Spain'} (country=es)",True,False,2026-01-14T18:42:49.450309,OK,0.625,1,True,False,False,False,False,2
03203_es,03203,es,"38.2920662,-0.6192226",38.2920662,-0.6192226,Elche,Elx / Elche,"03203, Elx / Elche, el Baix Vinalopó, Alacant / Alicante, Comunitat Valenciana, España","structured: {'postalcode': '03203', 'country': 'Spain'} (country=es)",True,False,2026-01-14T18:42:50.466566,OK,0.625,1,True,False,False,False,False,2
12006_es,12006,es,"39.9846319,-0.0583077",39.9846319,-0.0583077,CASTELLO DE LA PLANA,Castelló de la Plana / Castellón de la Plana,"12006, Castelló de la Plana / Castellón de la Plana, la Plana Alta, Castelló / Castellón, Comunitat Valenciana, España","structured: {'postalcode': '12006', 'country': 'Spain'} (country=es)",True,False,2026-01-14T18:46:00.787238,OK,0.625,1,True,False,False,False,False,2
47155_es,47155,es,"41.6926335,-4.6898836",41.6926335,-4.6898836,SANTOVENIA,Santovenia de Pisuerga,"47155, Santovenia de Pisuerga, Valladolid, Castilla y León, España","structured: {'postalcode': '47155', 'country': 'Spain'} (country=es)",True,False,2026-01-14T18:57:57.155640,OK,0.625,1,True,False,False,False,False,2
01006_es,01006,es,"42.8331031,-2.6580158",42.8331031,-2.6580158,VITORIA,Vitoria-Gasteiz,"01006, Adurtza, Vitoria-Gasteiz, Gasteizko kuadrilla, Araba / Álava, Euskadi, España","structured: {'postalcode': '01006', 'country': 'Spain'} (country=es)",True,False,2026-01-14T18:42:33.402569,OK,0.6363636363636364,1,True,False,False,False,False,2
01010_es,01010,es,"42.8598697,-2.6999611",42.8598697,-2.6999611,VITORIA,Vitoria-Gasteiz,"01010, Sansomendi, Ali / Ehari, Vitoria-Gasteiz, Gasteizko kuadrilla, Araba / Álava, Euskadi, España","structured: {'postalcode': '01010', 'country': 'Spain'} (country=es)",True,False,2026-01-14T18:42:34.479418,OK,0.6363636363636364,1,True,False,False,False,False,2
03690_es,03690,es,"38.3952191,-0.522642",38.3952191,-0.522642,SAN VICENTE DEL RASPEIG,Sant Vicent del Raspeig / San Vicente del Raspeig,"03690, Sant Vicent del Raspeig / San Vicente del Raspeig, l'Alacantí, Alacant / Alicante, Comunitat Valenciana, España","structured: {'postalcode': '03690', 'country': 'Spain'} (country=es)",True,False,2026-01-14T18:42:55.441413,OK,0.6388888888888888,1,True,False,False,False,False,2
28230_es,28230,es,"40.5030843,-3.8830826",40.5030843,-3.8830826,LAS ROZAS,Las Rozas de Madrid,"28230, Las Rozas de Madrid, Comunidad de Madrid, España","structured: {'postalcode': '28230', 'country': 'Spain'} (country=es)",True,False,2026-01-14T18:50:58.650216,OK,0.6428571428571429,1,True,False,False,False,False,2
28232_es,28232,es,"40.5200721,-3.912959",40.5200721,-3.912959,LAS ROZAS,Las Rozas de Madrid,"28232, Las Rozas de Madrid, Comunidad de Madrid, España","structured: {'postalcode': '28232', 'country': 'Spain'} (country=es)",True,False,2026-01-14T18:50:59.663257,OK,0.6428571428571429,1,True,False,False,False,False,2
12005_es,12005,es,"39.9793466,-0.0383821",39.9793466,-0.0383821,CASTELLÓN DE LA PLANA,Castelló de la Plana / Castellón de la Plana,"12005, Castelló de la Plana / Castellón de la Plana, la Plana Alta, Castelló / Castellón, Comunitat Valenciana, España","structured: {'postalcode': '12005', 'country': 'Spain'} (country=es)",True,False,2026-01-14T18:45:59.804277,OK,0.6461538461538462,1,True,False,False,False,False,2
9700042_pt,9700042,pt,"38.6618779,-27.2325286",38.6618779,-27.2325286,ANGRA DO HEROÍSMO,Angra (São Pedro),"9700-042, Angra (São Pedro), Angra do Heroísmo, Açores, Portugal","free-text: 9700-042, Portugal (country=pt)",True,False,2026-01-14T19:00:06.086300,OK,0.6470588235294118,1,True,False,False,False,False,2
15969_es,15969,es,"42.5403518,-9.0026356",42.5403518,-9.0026356,RIBEIRA,Carreira,"15969, Carreira, Ribeira, A Barbanza, A Coruña, Galicia, España","structured: {'postalcode': '15969', 'country': 'Spain'} (country=es)",True,False,2026-01-14T18:46:59.314278,OK,0.6666666666666666,1,False,False,False,False,False,0
31008_es,31008,es,"42.8083299,-1.6683464",42.8083299,-1.6683464,PAMPLONA,Pamplona / Iruña,"31008, Ermitagaña-Mendebaldea, Pamplona / Iruña, Iruñerria, Navarra, Navarra / Nafarroa, España","structured: {'postalcode': '31008', 'country': 'Spain'} (country=es)",True,False,2026-01-14T18:53:38.283309,OK,0.6666666666666666,1,False,False,False,False,False,0
31012_es,31012,es,"42.8213642,-1.6668376",42.8213642,-1.6668376,PAMPLONA,Pamplona / Iruña,"31012, Sanduzelai, Pamplona / Iruña, Iruñerria, Navarra, Navarra / Nafarroa, España","structured: {'postalcode': '31012', 'country': 'Spain'} (country=es)",True,False,2026-01-14T18:53:40.223332,OK,0.6666666666666666,1,False,False,False,False,False,0
36600_es,36600,es,"42.595034,-8.7645934",42.595034,-8.7645934,VILAGARCIA DE AROUSA,Vilagarcía,"36600, Vilagarcía, Vilagarcía de Arousa, O Salnés, Pontevedra, Galicia, España","structured: {'postalcode': '36600', 'country': 'Spain'} (country=es)",True,False,2026-01-14T18:55:09.032942,OK,0.6666666666666666,1,False,False,False,False,False,0
39650_es,39650,es,"43.3170778,-3.8925199",43.3170778,-3.8925199,LA PENILLA DE CAYÓN,Santa María de Cayón,"39650, Santa María de Cayón, Cantabria, España","structured: {'postalcode': '39650', 'country': 'Spain'} (country=es)",True,False,2026-01-14T18:55:43.101649,OK,0.6666666666666666,1,False,False,False,False,False,0
20009_es,20009,es,"43.3043305,-1.9893245",43.3043305,-1.9893245,SAN SEBASTIAN,Donostia / San Sebastián,"20009, Aiete, Mendebaldea, Donostia / San Sebastián, Gipuzkoa, Euskadi, España","structured: {'postalcode': '20009', 'country': 'Spain'} (country=es)",True,False,2026-01-14T18:47:53.312055,OK,0.7027027027027027,1,False,False,False,False,False,0
30320_es,30320,es,"37.7394085,-1.177384",37.7394085,-1.177384,FUENTE ALAMO DE MURCIA (FUENTE ALAMO ),Fuente Álamo de Murcia,"30320, Fuente Alamo, Fuente Álamo de Murcia, Campo de Cartagena y Mar Menor, Región de Murcia, España","structured: {'postalcode': '30320', 'country': 'Spain'} (country=es)",True,False,2026-01-14T18:52:59.521508,OK,0.7333333333333333,1,False,False,False,False,False,0
07818_es,07818,es,"38.8665132,1.3923148",38.8665132,1.3923148,SAN JOSE DE SA TALAIA - EIVISSA,Sant Josep de sa Talaia,"07818, Sant Josep de sa Talaia, Eivissa, Illes Balears, España","structured: {'postalcode': '07818', 'country': 'Spain'} (country=es)",True,False,2026-01-14T18:43:24.450529,OK,0.7777777777777778,1,False,False,False,False,False,0
07817_es,07817,es,"38.8951661,1.3942933",38.8951661,1.3942933,SAN JOSE DE SA TALAIA - IBIZA,Sant Josep de sa Talaia,"07817, Sant Josep de sa Talaia, Eivissa, Illes Balears, España","structured: {'postalcode': '07817', 'country': 'Spain'} (country=es)",True,False,2026-01-14T18:43:23.452125,OK,0.8076923076923077,1,False,False,False,False,False,0
36614_es,36614,es,"42.5507958,-8.7340842",42.5507958,-8.7340842,BAIÓN - VILANOVA DE AROUSA,Vilanova de Arousa,"36614, Baión, Vilanova de Arousa, O Salnés, Pontevedra, Galicia, España","structured: {'postalcode': '36614', 'country': 'Spain'} (country=es)",True,False,2026-01-14T18:55:10.033625,OK,0.8181818181818182,1,False,False,False,False,False,0
12110_es,12110,es,"40.0697503,-0.2075002",40.0697503,-0.2075002,ALCORA,l'Alcora,"12110, l'Alcora, l'Alcalatén, Castelló / Castellón, Comunitat Valenciana, España","structured: {'postalcode': '12110', 'country': 'Spain'} (country=es)",True,False,2026-01-14T18:46:02.794969,OK,0.8571428571428571,1,False,False,False,False,False,0
15403_es,15403,es,"43.4864046,-8.2256851",43.4864046,-8.2256851,O Ferrol,Ferrol,"15403, Recimil, Ferrol, A Coruña, Galicia, España","structured: {'postalcode': '15403', 'country': 'Spain'} (country=es)",True,False,2026-01-14T18:46:45.782620,OK,0.8571428571428571,1,False,False,False,False,False,0
39611_es,39611,es,"43.3966131,-3.8450782",43.3966131,-3.8450782,ASTILLERO,El Astillero,"39611, El Astillero, Cantabria, España","structured: {'postalcode': '39611', 'country': 'Spain'} (country=es)",True,False,2026-01-14T18:55:42.107612,OK,0.8571428571428571,1,False,False,False,False,False,0
15165_es,15165,es,"43.3140474,-8.2492795",43.3140474,-8.2492795,Abegondo,Bergondo,"15165, Santa Marta de Babío, Bergondo, A Coruña, Galicia, España","structured: {'postalcode': '15165', 'country': 'Spain'} (country=es)",True,False,2026-01-14T18:46:41.794977,OK,0.875,1,False,False,False,False,False,0
36650_es,36650,es,"42.6050654,-8.6434168",42.6050654,-8.6434168,CALDAS DE REYES,Caldas de Reis,"36650, San Tomé e Santa María de Caldas de Reis, Caldas de Reis, Caldas, Pontevedra, Galicia, España","structured: {'postalcode': '36650', 'country': 'Spain'} (country=es)",True,False,2026-01-14T18:55:11.033175,OK,0.896551724137931,1,False,False,False,False,False,0
48270_es,48270,es,"43.2685346,-2.4981565",43.2685346,-2.4981565,MARKINA XEMEIN,Markina-Xemein,"48270, Markina-Xemein, Bizkaia, Euskadi, España","structured: {'postalcode': '48270', 'country': 'Spain'} (country=es)",True,False,2026-01-14T18:58:27.292017,OK,0.9285714285714286,1,False,False,False,False,False,0
18016_es,18016,es,"37.1473747,-3.6040651",37.1473747,-3.6040651,GRAANADA,Granada,"18016, Zaidín, Granada, Comarca de la Vega de Granada, Granada, Andalucía, España","structured: {'postalcode': '18016', 'country': 'Spain'} (country=es)",True,False,2026-01-14T18:47:36.310254,OK,0.9333333333333333,1,False,False,False,False,False,0
31002_es,31002,es,"42.814901,-1.6416881",42.814901,-1.6416881,PAMPLONA/IRUÑA,Pamplona / Iruña,"31002, Segundo Ensanche, Pamplona / Iruña, Iruñerria, Navarra, Navarra / Nafarroa, España","structured: {'postalcode': '31002', 'country': 'Spain'} (country=es)",True,False,2026-01-14T18:53:36.229577,OK,0.9333333333333333,1,False,False,False,False,False,0
31006_es,31006,es,"42.8034601,-1.6352044",42.8034601,-1.6352044,PAMPLONA/IRUÑA,Pamplona / Iruña,"31006, Milagrosa-Arrosadia, Pamplona / Iruña, Iruñerria, Navarra, Navarra / Nafarroa, España","structured: {'postalcode': '31006', 'country': 'Spain'} (country=es)",True,False,2026-01-14T18:53:37.243825,OK,0.9333333333333333,1,False,False,False,False,False,0
31009_es,31009,es,"42.8018373,-1.6721351",42.8018373,-1.6721351,PAMPLONA/IRUÑA,Pamplona / Iruña,"31009, Etxabakoitz, Pamplona / Iruña, Iruñerria, Navarra, Navarra / Nafarroa, España","structured: {'postalcode': '31009', 'country': 'Spain'} (country=es)",True,False,2026-01-14T18:53:39.274953,OK,0.9333333333333333,1,False,False,False,False,False,0
28522_es,28522,es,"40.3606701,-3.5326475",40.3606701,-3.5326475,RIVAS VACIAMADRID,Rivas-Vaciamadrid,"28522, Rivas Centro, Rivas-Vaciamadrid, Comunidad de Madrid, España","structured: {'postalcode': '28522', 'country': 'Spain'} (country=es)",True,False,2026-01-14T18:51:07.648253,OK,0.9411764705882353,1,False,False,False,False,False,0
08770_es,08770,es,"41.4185112,1.7873566",41.4185112,1.7873566,SANT SADURNI D ANOIA,Sant Sadurní d'Anoia,"08770, Sant Sadurní d'Anoia, Alt Penedès, Barcelona, Catalunya, España","structured: {'postalcode': '08770', 'country': 'Spain'} (country=es)",True,False,2026-01-14T18:44:51.440170,OK,0.95,1,False,False,False,False,False,0
46469_es,46469,es,"39.3823012,-0.409994",39.3823012,-0.409994,BENIPARELL,Beniparrell,"46469, Beniparrell, l'Horta Sud, València / Valencia, Comunitat Valenciana, España","structured: {'postalcode': '46469', 'country': 'Spain'} (country=es)",True,False,2026-01-14T18:57:37.150634,OK,0.9523809523809523,1,False,False,False,False,False,0
20002_es,20002,es,"43.3240724,-1.9752334",43.3240724,-1.9752334,DONOSTIA/SAN SEBASTIAN,Donostia / San Sebastián,"20002, Gros, Ipar-Ekialdea, Donostia / San Sebastián, Gipuzkoa, Euskadi, España","structured: {'postalcode': '20002', 'country': 'Spain'} (country=es)",True,False,2026-01-14T18:47:52.328270,OK,0.9565217391304348,1,False,False,False,False,False,0
20014_es,20014,es,"43.3008298,-1.9685077",43.3008298,-1.9685077,DONOSTIA/SAN SEBASTIAN,Donostia / San Sebastián,"20014, Mendebaldea, Donostia / San Sebastián, Gipuzkoa, Euskadi, España","structured: {'postalcode': '20014', 'country': 'Spain'} (country=es)",True,False,2026-01-14T18:47:54.330148,OK,0.9565217391304348,1,False,False,False,False,False,0
08908_es,08908,es,"41.3575499,2.129632",41.3575499,2.129632,HOSPITALET DE LLOBREGAT,l'Hospitalet de Llobregat,"08908, Districte III, l'Hospitalet de Llobregat, Barcelonès, Barcelona, Catalunya, España","structured: {'postalcode': '08908', 'country': 'Spain'} (country=es)",True,False,2026-01-14T18:45:10.791276,OK,0.9583333333333334,1,False,False,False,False,False,0
20018_es,20018,es,"43.2964343,-2.0089791",43.2964343,-2.0089791,DONOSTIA - SAN SEBASTIAN,Donostia / San Sebastián,"20018, Añorga, Mendebaldea, Donostia / San Sebastián, Gipuzkoa, Euskadi, España","structured: {'postalcode': '20018', 'country': 'Spain'} (country=es)",True,False,2026-01-14T18:47:55.318972,OK,0.9583333333333334,1,False,False,False,False,False,0
17813_es,17813,es,"42.2116014,2.4414504",42.2116014,2.4414504,LA VALL LDE BIANYA,la Vall de Bianya,"17813, la Vall de Bianya, Garrotxa, Girona, Catalunya, España","structured: {'postalcode': '17813', 'country': 'Spain'} (country=es)",True,False,2026-01-14T18:47:31.314229,OK,0.9714285714285714,1,False,False,False,False,False,0
04610_es,04610,es,"37.2795629,-1.8537186",37.2795629,-1.8537186,CUEVAS DE ALMANZORA,Cuevas del Almanzora,"04610, Cuevas del Almanzora, Almería, Andalucía, España","structured: {'postalcode': '04610', 'country': 'Spain'} (country=es)",True,False,2026-01-14T18:43:00.442035,OK,0.9743589743589743,1,False,False,False,False,False,0
08930_es,08930,es,"41.428093,2.2198945",41.428093,2.2198945,SANT ADRIÀ DEL BESÒS,Sant Adrià de Besòs,"08930, Sant Adrià de Besòs, Barcelonès, Barcelona, Catalunya, España","structured: {'postalcode': '08930', 'country': 'Spain'} (country=es)",True,False,2026-01-14T18:45:15.798964,OK,0.9743589743589743,1,False,False,False,False,False,0
01015_es,01015,es,"42.8410148,-2.7450629",42.8410148,-2.7450629,VITORIA-GASTEIZ,Vitoria-Gasteiz,"01015, Lermanda, Vitoria-Gasteiz, Gasteizko kuadrilla, Araba / Álava, Euskadi, España","structured: {'postalcode': '01015', 'country': 'Spain'} (country=es)",True,False,2026-01-14T18:42:35.430893,OK,1.0,1,False,False,False,False,False,0
01510_es,01510,es,"42.9268915,-2.6586401",42.9268915,-2.6586401,VITORIA-GASTEIZ,Vitoria-Gasteiz,"01510, Miñano Menor / Miñao Gutxia, Vitoria-Gasteiz, Gasteizko kuadrilla, Araba / Álava, Euskadi, España","structured: {'postalcode': '01510', 'country': 'Spain'} (country=es)",True,False,2026-01-14T18:42:36.409889,OK,1.0,1,False,False,False,False,False,0
02006_es,02006,es,"38.9753696,-1.8707481",38.9753696,-1.8707481,ALBACETE,Albacete,"02006, San Pedro-Mortero, Distrito 2, Albacete, Castilla-La Mancha, España","structured: {'postalcode': '02006', 'country': 'Spain'} (country=es)",True,False,2026-01-14T18:42:37.416269,OK,1.0,1,False,False,False,False,False,0
02007_es,02007,es,"39.0481846,-1.8506687",39.0481846,-1.8506687,ALBACETE,Albacete,"02007, Albacete, Castilla-La Mancha, España","structured: {'postalcode': '02007', 'country': 'Spain'} (country=es)",True,False,2026-01-14T18:42:38.427946,OK,1.0,1,False,False,False,False,False,0
02008_es,02008,es,"38.9808174,-1.8441358",38.9808174,-1.8441358,ALBACETE,Albacete,"02008, Distrito 3, Albacete, Castilla-La Mancha, España","structured: {'postalcode': '02008', 'country': 'Spain'} (country=es)",True,False,2026-01-14T18:42:39.450592,OK,1.0,1,False,False,False,False,False,0
03300_es,03300,es,"38.0873428,-0.9450161",38.0873428,-0.9450161,ORIHUELA,Orihuela,"03300, Orihuela, el Baix Segura / La Vega Baja, Alacant / Alicante, Comunitat Valenciana, España","structured: {'postalcode': '03300', 'country': 'Spain'} (country=es)",True,False,2026-01-14T18:42:51.485812,OK,1.0,1,False,False,False,False,False,0
03600_es,03600,es,"38.4750866,-0.7950014",38.4750866,-0.7950014,ELDA,Elda,"03600, Elda, el Vinalopó Mitjà / El Vinalopó Medio, Alacant / Alicante, Comunitat Valenciana, España","structured: {'postalcode': '03600', 'country': 'Spain'} (country=es)",True,False,2026-01-14T18:42:54.440267,OK,1.0,1,False,False,False,False,False,0
04131_es,04131,es,"36.8608806,-2.3162246",36.8608806,-2.3162246,ALMERIA,Almería,"04131, Almería, Andalucía, España","structured: {'postalcode': '04131', 'country': 'Spain'} (country=es)",True,False,2026-01-14T18:42:59.442265,OK,1.0,1,False,False,False,False,False,0
04738_es,04738,es,"36.8029664,-2.6385314",36.8029664,-2.6385314,VICAR,Vícar,"04738, Vícar, Almería, Andalucía, España","structured: {'postalcode': '04738', 'country': 'Spain'} (country=es)",True,False,2026-01-14T18:43:06.436779,OK,1.0,1,False,False,False,False,False,0
05001_es,05001,es,"40.6558805,-4.698551",40.6558805,-4.698551,AVILA,Ávila,"05001, Ávila, Castilla y León, España","structured: {'postalcode': '05001', 'country': 'Spain'} (country=es)",True,False,2026-01-14T18:43:07.444772,OK,1.0,1,False,False,False,False,False,0
05005_es,05005,es,"40.662645,-4.6944564",40.662645,-4.6944564,ÁVILA,Ávila,"05005, Ávila, Castilla y León, España","structured: {'postalcode': '05005', 'country': 'Spain'} (country=es)",True,False,2026-01-14T18:43:08.446281,OK,1.0,1,False,False,False,False,False,0
06071_es,06071,es,"38.8869445,-7.0113825",38.8869445,-7.0113825,BADAJOZ,Badajoz,"06071, Badajoz, Tierra de Badajoz, Badajoz, Extremadura, España","structured: {'postalcode': '06071', 'country': 'Spain'} (country=es)",True,False,2026-01-14T18:43:14.448309,OK,1.0,1,False,False,False,False,False,0
06140_es,06140,es,"38.8769484,-6.772255",38.8769484,-6.772255,TALAVERA LA REAL,Talavera la Real,"06140, Talavera la Real, Tierra de Badajoz, Badajoz, Extremadura, España","structured: {'postalcode': '06140', 'country': 'Spain'} (country=es)",True,False,2026-01-14T18:43:15.437035,OK,1.0,1,False,False,False,False,False,0
06380_es,06380,es,"38.3252951,-6.7810953",38.3252951,-6.7810953,JEREZ DE LOS CABALLEROS,Jerez de los Caballeros,"06380, Jerez de los Caballeros, Sierra Suroeste, Badajoz, Extremadura, España","structured: {'postalcode': '06380', 'country': 'Spain'} (country=es)",True,False,2026-01-14T18:43:16.439846,OK,1.0,1,False,False,False,False,False,0
06470_es,06470,es,"38.9750626,-6.1112143",38.9750626,-6.1112143,GUAREÑA,Guareña,"06470, Guareña, Badajoz, Extremadura, España","structured: {'postalcode': '06470', 'country': 'Spain'} (country=es)",True,False,2026-01-14T18:43:17.444580,OK,1.0,1,False,False,False,False,False,0
07012_es,07012,es,"39.5714679,2.6453874",39.5714679,2.6453874,PALMA,Palma,"07012, Palma, Illes Balears, España","structured: {'postalcode': '07012', 'country': 'Spain'} (country=es)",True,False,2026-01-14T18:43:20.471454,OK,1.0,1,False,False,False,False,False,0
07122_es,07122,es,"39.6381655,2.6455229",39.6381655,2.6455229,PALMA,Palma,"07122, Palma, Illes Balears, España","structured: {'postalcode': '07122', 'country': 'Spain'} (country=es)",True,False,2026-01-14T18:43:21.441113,OK,1.0,1,False,False,False,False,False,0
07814_es,07814,es,"38.9978567,1.4285186",38.9978567,1.4285186,SANTA EULARIA DES RIU,Santa Eulària des Riu,"07814, Santa Eulària des Riu, Eivissa, Illes Balears, España","structured: {'postalcode': '07814', 'country': 'Spain'} (country=es)",True,False,2026-01-14T18:43:22.443282,OK,1.0,1,False,False,False,False,False,0
08001_es,08001,es,"41.3802466,2.1693185",41.3802466,2.1693185,BARCELONA,Barcelona,"08001, Ciutat Vella, Barcelona, Barcelonès, Barcelona, Catalunya, España","structured: {'postalcode': '08001', 'country': 'Spain'} (country=es)",True,False,2026-01-14T18:43:26.448116,OK,1.0,1,False,False,False,False,False,0
08003_es,08003,es,"41.3859079,2.1803899",41.3859079,2.1803899,BARCELONA,Barcelona,"08003, Ciutat Vella, Barcelona, Barcelonès, Barcelona, Catalunya, España","structured: {'postalcode': '08003', 'country': 'Spain'} (country=es)",True,False,2026-01-14T18:43:28.441602,OK,1.0,1,False,False,False,False,False,0
08005_es,08005,es,"41.3996625,2.2010468",41.3996625,2.2010468,BARCELONA,Barcelona,"08005, Sant Martí, Barcelona, Barcelonès, Barcelona, Catalunya, España","structured: {'postalcode': '08005', 'country': 'Spain'} (country=es)",True,False,2026-01-14T18:43:30.440094,OK,1.0,1,False,False,False,False,False,0
08008_es,08008,es,"41.3965371,2.162165",41.3965371,2.162165,BARCELONA,Barcelona,"08008, Eixample, Barcelona, Barcelonès, Barcelona, Catalunya, España","structured: {'postalcode': '08008', 'country': 'Spain'} (country=es)",True,False,2026-01-14T18:43:31.458824,OK,1.0,1,False,False,False,False,False,0
08012_es,08012,es,"41.4022191,2.1573766",41.4022191,2.1573766,BARCELONA,Barcelona,"08012, Gràcia, Barcelona, Barcelonès, Barcelona, Catalunya, España","structured: {'postalcode': '08012', 'country': 'Spain'} (country=es)",True,False,2026-01-14T18:43:32.441855,OK,1.0,1,False,False,False,False,False,0
08016_es,08016,es,"41.4337323,2.179484",41.4337323,2.179484,BARCELONA,Barcelona,"08016, Nou Barris, Barcelona, Barcelonès, Barcelona, Catalunya, España","structured: {'postalcode': '08016', 'country': 'Spain'} (country=es)",True,False,2026-01-14T18:43:34.461100,OK,1.0,1,False,False,False,False,False,0
08017_es,08017,es,"41.4069815,2.1136352",41.4069815,2.1136352,BARCELONA,Barcelona,"08017, Sarrià - Sant Gervasi, Barcelona, Barcelonès, Barcelona, Catalunya, España","structured: {'postalcode': '08017', 'country': 'Spain'} (country=es)",True,False,2026-01-14T18:43:35.452966,OK,1.0,1,False,False,False,False,False,0
08018_es,08018,es,"41.4031934,2.1916202",41.4031934,2.1916202,BARCELONA,Barcelona,"08018, Sant Martí, Barcelona, Barcelonès, Barcelona, Catalunya, España","structured: {'postalcode': '08018', 'country': 'Spain'} (country=es)",True,False,2026-01-14T18:43:36.459275,OK,1.0,1,False,False,False,False,False,0
08019_es,08019,es,"41.410878,2.2118385",41.410878,2.2118385,BARCELONA,Barcelona,"08019, Sant Martí, Barcelona, Barcelonès, Barcelona, Catalunya, España","structured: {'postalcode': '08019', 'country': 'Spain'} (country=es)",True,False,2026-01-14T18:43:37.452685,OK,1.0,1,False,False,False,False,False,0
08020_es,08020,es,"41.420541,2.2015469",41.420541,2.2015469,BARCELONA,Barcelona,"08020, Sant Martí, Barcelona, Barcelonès, Barcelona, Catalunya, España","structured: {'postalcode': '08020', 'country': 'Spain'} (country=es)",True,False,2026-01-14T18:43:38.445139,OK,1.0,1,False,False,False,False,False,0
08024_es,08024,es,"41.4107855,2.1601062",41.4107855,2.1601062,BARCELONA,Barcelona,"08024, Gràcia, Barcelona, Barcelonès, Barcelona, Catalunya, España","structured: {'postalcode': '08024', 'country': 'Spain'} (country=es)",True,False,2026-01-14T18:43:39.452837,OK,1.0,1,False,False,False,False,False,0
08025_es,08025,es,"41.4087238,2.1707855",41.4087238,2.1707855,BARCELONA,Barcelona,"08025, Horta-Guinardó, Barcelona, Barcelonès, Barcelona, Catalunya, España","structured: {'postalcode': '08025', 'country': 'Spain'} (country=es)",True,False,2026-01-14T18:43:40.441211,OK,1.0,1,False,False,False,False,False,0
08027_es,08027,es,"41.421493,2.1859633",41.421493,2.1859633,BARCELONA,Barcelona,"08027, Sant Andreu, Barcelona, Barcelonès, Barcelona, Catalunya, España","structured: {'postalcode': '08027', 'country': 'Spain'} (country=es)",True,False,2026-01-14T18:43:41.448273,OK,1.0,1,False,False,False,False,False,0
08028_es,08028,es,"41.3782719,2.1281027",41.3782719,2.1281027,BARCELONA,Barcelona,"08028, Sants-Montjuïc, Barcelona, Barcelonès, Barcelona, Catalunya, España","structured: {'postalcode': '08028', 'country': 'Spain'} (country=es)",True,False,2026-01-14T18:43:42.438654,OK,1.0,1,False,False,False,False,False,0
08029_es,08029,es,"41.3864775,2.1459391",41.3864775,2.1459391,BARCELONA,Barcelona,"08029, Eixample, Barcelona, Barcelonès, Barcelona, Catalunya, España","structured: {'postalcode': '08029', 'country': 'Spain'} (country=es)",True,False,2026-01-14T18:43:43.437899,OK,1.0,1,False,False,False,False,False,0
08030_es,08030,es,"41.4349126,2.1916649",41.4349126,2.1916649,BARCELONA,Barcelona,"08030, Sant Andreu, Barcelona, Barcelonès, Barcelona, Catalunya, España","structured: {'postalcode': '08030', 'country': 'Spain'} (country=es)",True,False,2026-01-14T18:43:44.438068,OK,1.0,1,False,False,False,False,False,0
08034_es,08034,es,"41.3938188,2.119587",41.3938188,2.119587,BARCELONA,Barcelona,"08034, Sarrià - Sant Gervasi, Barcelona, Barcelonès, Barcelona, Catalunya, España","structured: {'postalcode': '08034', 'country': 'Spain'} (country=es)",True,False,2026-01-14T18:43:45.457076,OK,1.0,1,False,False,False,False,False,0
08036_es,08036,es,"41.3897825,2.1526396",41.3897825,2.1526396,BARCELONA,Barcelona,"08036, Eixample, Barcelona, Barcelonès, Barcelona, Catalunya, España","structured: {'postalcode': '08036', 'country': 'Spain'} (country=es)",True,False,2026-01-14T18:43:46.446315,OK,1.0,1,False,False,False,False,False,0
08038_es,08038,es,"41.3590385,2.1428691",41.3590385,2.1428691,BARCELONA,Barcelona,"08038, Sants-Montjuïc, Barcelona, Barcelonès, Barcelona, Catalunya, España","structured: {'postalcode': '08038', 'country': 'Spain'} (country=es)",True,False,2026-01-14T18:43:48.472885,OK,1.0,1,False,False,False,False,False,0
08039_es,08039,es,"41.3659717,2.1771902",41.3659717,2.1771902,BARCELONA,Barcelona,"08039, Sants-Montjuïc, Barcelona, Barcelonès, Barcelona, Catalunya, España","structured: {'postalcode': '08039', 'country': 'Spain'} (country=es)",True,False,2026-01-14T18:43:49.447473,OK,1.0,1,False,False,False,False,False,0
08040_es,08040,es,"41.3316152,2.1350503",41.3316152,2.1350503,BARCELONA,Barcelona,"08040, Sants-Montjuïc, Barcelona, Barcelonès, Barcelona, Catalunya, España","structured: {'postalcode': '08040', 'country': 'Spain'} (country=es)",True,False,2026-01-14T18:43:50.455229,OK,1.0,1,False,False,False,False,False,0
08041_es,08041,es,"41.4179129,2.1761663",41.4179129,2.1761663,BARCELONA,Barcelona,"08041, Horta-Guinardó, Barcelona, Barcelonès, Barcelona, Catalunya, España","structured: {'postalcode': '08041', 'country': 'Spain'} (country=es)",True,False,2026-01-14T18:43:51.448916,OK,1.0,1,False,False,False,False,False,0
08100_es,08100,es,"41.539829,2.2136647",41.539829,2.2136647,MOLLET DEL VALLÈS,Mollet del Vallès,"08100, Mollet del Vallès, Vallès Oriental, Barcelona, Catalunya, España","structured: {'postalcode': '08100', 'country': 'Spain'} (country=es)",True,False,2026-01-14T18:43:52.444760,OK,1.0,1,False,False,False,False,False,0
08105_es,08105,es,"41.5145997,2.2399809",41.5145997,2.2399809,SANT FOST DE CAMPSENTELLES,Sant Fost de Campsentelles,"08105, Sant Fost de Campsentelles, Vallès Oriental, Barcelona, Catalunya, España","structured: {'postalcode': '08105', 'country': 'Spain'} (country=es)",True,False,2026-01-14T18:43:53.447841,OK,1.0,1,False,False,False,False,False,0
08107_es,08107,es,"41.5309083,2.2325573",41.5309083,2.2325573,MARTORELLES,Martorelles,"08107, Martorelles, Vallès Oriental, Barcelona, Catalunya, España","structured: {'postalcode': '08107', 'country': 'Spain'} (country=es)",True,False,2026-01-14T18:43:54.439484,OK,1.0,1,False,False,False,False,False,0
08110_es,08110,es,"41.4828307,2.1829248",41.4828307,2.1829248,MONTCADA I REIXAC,Montcada i Reixac,"08110, Montcada i Reixac, Vallès Occidental, Barcelona, Catalunya, España","structured: {'postalcode': '08110', 'country': 'Spain'} (country=es)",True,False,2026-01-14T18:43:55.439082,OK,1.0,1,False,False,False,False,False,0
08130_es,08130,es,"41.5318233,2.1832047",41.5318233,2.1832047,SANTA PERPETUA DE MOGODA,Santa Perpètua de Mogoda,"08130, Santa Perpètua de Mogoda, Vallès Occidental, Barcelona, Catalunya, España","structured: {'postalcode': '08130', 'country': 'Spain'} (country=es)",True,False,2026-01-14T18:43:56.471245,OK,1.0,1,False,False,False,False,False,0
08140_es,08140,es,"41.631981,2.1652795",41.631981,2.1652795,CALDES DE MONTBUI,Caldes de Montbui,"08140, Caldes de Montbui, Vallès Oriental, Barcelona, Catalunya, España","structured: {'postalcode': '08140', 'country': 'Spain'} (country=es)",True,False,2026-01-14T18:43:57.439971,OK,1.0,1,False,False,False,False,False,0
08150_es,08150,es,"41.5596717,2.2222807",41.5596717,2.2222807,PARETS DEL VALLÈS,Parets del Vallès,"08150, Parets del Vallès, Vallès Oriental, Barcelona, Catalunya, España","structured: {'postalcode': '08150', 'country': 'Spain'} (country=es)",True,False,2026-01-14T18:43:58.438666,OK,1.0,1,False,False,False,False,False,0
08160_es,08160,es,"41.5542434,2.2501719",41.5542434,2.2501719,MONTMELÒ,Montmeló,"08160, Montmeló, Vallès Oriental, Barcelona, Catalunya, España","structured: {'postalcode': '08160', 'country': 'Spain'} (country=es)",True,False,2026-01-14T18:43:59.446949,OK,1.0,1,False,False,False,False,False,0
08170_es,08170,es,"41.5513694,2.2616084",41.5513694,2.2616084,Montornés del Vallés,Montornès del Vallès,"08170, Montornès del Vallès, Vallès Oriental, Barcelona, Catalunya, España","structured: {'postalcode': '08170', 'country': 'Spain'} (country=es)",True,False,2026-01-14T18:44:00.444244,OK,1.0,1,False,False,False,False,False,0
08172_es,08172,es,"41.4723861,2.0843724",41.4723861,2.0843724,Sant Cugat del Valles,Sant Cugat del Vallès,"08172, Sant Cugat del Vallès, Vallès Occidental, Barcelona, Catalunya, España","structured: {'postalcode': '08172', 'country': 'Spain'} (country=es)",True,False,2026-01-14T18:44:01.448469,OK,1.0,1,False,False,False,False,False,0
08173_es,08173,es,"41.4752881,2.0798366",41.4752881,2.0798366,Sant Cugat del Valles,Sant Cugat del Vallès,"08173, Sant Cugat del Vallès, Vallès Occidental, Barcelona, Catalunya, España","structured: {'postalcode': '08173', 'country': 'Spain'} (country=es)",True,False,2026-01-14T18:44:02.446367,OK,1.0,1,False,False,False,False,False,0
08174_es,08174,es,"41.4851191,2.0570163",41.4851191,2.0570163,Sant Cugat del Valles,Sant Cugat del Vallès,"08174, Sant Cugat del Vallès, Vallès Occidental, Barcelona, Catalunya, España","structured: {'postalcode': '08174', 'country': 'Spain'} (country=es)",True,False,2026-01-14T18:44:03.443047,OK,1.0,1,False,False,False,False,False,0
08181_es,08181,es,"41.597927,2.1288093",41.597927,2.1288093,SENTMENAT,Sentmenat,"08181, Sentmenat, Vallès Occidental, Barcelona, Catalunya, España","structured: {'postalcode': '08181', 'country': 'Spain'} (country=es)",True,False,2026-01-14T18:44:04.451876,OK,1.0,1,False,False,False,False,False,0
08184_es,08184,es,"41.5810126,2.177512",41.5810126,2.177512,PALAU-SOLITÀ I PLEGAMANS,Palau-solità i Plegamans,"08184, Palau-solità i Plegamans, Vallès Occidental, Barcelona, Catalunya, España","structured: {'postalcode': '08184', 'country': 'Spain'} (country=es)",True,False,2026-01-14T18:44:05.437842,OK,1.0,1,False,False,False,False,False,0
08185_es,08185,es,"41.5873449,2.2343774",41.5873449,2.2343774,LLIÇA DE VALL,Lliçà de Vall,"08185, Lliçà de Vall, Vallès Oriental, Barcelona, Catalunya, España","structured: {'postalcode': '08185', 'country': 'Spain'} (country=es)",True,False,2026-01-14T18:44:06.446176,OK,1.0,1,False,False,False,False,False,0
08191_es,08191,es,"41.4993538,2.0378111",41.4993538,2.0378111,RUBI,Rubí,"08191, Rubí, Vallès Occidental, Barcelona, Catalunya, España","structured: {'postalcode': '08191', 'country': 'Spain'} (country=es)",True,False,2026-01-14T18:44:07.443559,OK,1.0,1,False,False,False,False,False,0
08192_es,08192,es,"41.5328698,2.078099",41.5328698,2.078099,SANT QUIRZE DEL VALLES,Sant Quirze del Vallès,"08192, Sant Quirze del Vallès, Vallès Occidental, Barcelona, Catalunya, España","structured: {'postalcode': '08192', 'country': 'Spain'} (country=es)",True,False,2026-01-14T18:44:08.450268,OK,1.0,1,False,False,False,False,False,0
08201_es,08201,es,"41.5476393,2.1039799",41.5476393,2.1039799,SABADELL,Sabadell,"08201, el Centre, Sabadell, Vallès Occidental, Barcelona, Catalunya, España","structured: {'postalcode': '08201', 'country': 'Spain'} (country=es)",True,False,2026-01-14T18:44:10.445202,OK,1.0,1,False,False,False,False,False,0
08210_es,08210,es,"41.5163924,2.1277991",41.5163924,2.1277991,BARBERÀ DEL VALLÈS,Barberà del Vallès,"08210, Barberà del Vallès, Vallès Occidental, Barcelona, Catalunya, España","structured: {'postalcode': '08210', 'country': 'Spain'} (country=es)",True,False,2026-01-14T18:44:11.448130,OK,1.0,1,False,False,False,False,False,0
08211_es,08211,es,"41.6127128,2.0902128",41.6127128,2.0902128,CASTELLAR DEL VALLÈS,Castellar del Vallès,"08211, Castellar del Vallès, Vallès Occidental, Barcelona, Catalunya, España","structured: {'postalcode': '08211', 'country': 'Spain'} (country=es)",True,False,2026-01-14T18:44:12.444795,OK,1.0,1,False,False,False,False,False,0
08213_es,08213,es,"41.5548749,2.1567411",41.5548749,2.1567411,POLINYA,Polinyà,"08213, Polinyà, Vallès Occidental, Barcelona, Catalunya, España","structured: {'postalcode': '08213', 'country': 'Spain'} (country=es)",True,False,2026-01-14T18:44:13.468764,OK,1.0,1,False,False,False,False,False,0
08221_es,08221,es,"41.5640716,2.0118359",41.5640716,2.0118359,TERRASSA,Terrassa,"08221, Districte 1, Terrassa, Vallès Occidental, Barcelona, Catalunya, España","structured: {'postalcode': '08221', 'country': 'Spain'} (country=es)",True,False,2026-01-14T18:44:14.458209,OK,1.0,1,False,False,False,False,False,0
08222_es,08222,es,"41.5642634,2.0249864",41.5642634,2.0249864,TERRASSA,Terrassa,"08222, Terrassa, Vallès Occidental, Barcelona, Catalunya, España","structured: {'postalcode': '08222', 'country': 'Spain'} (country=es)",True,False,2026-01-14T18:44:15.464290,OK,1.0,1,False,False,False,False,False,0
08226_es,08226,es,"41.576937,2.0223566",41.576937,2.0223566,TERRASSA,Terrassa,"08226, Terrassa, Vallès Occidental, Barcelona, Catalunya, España","structured: {'postalcode': '08226', 'country': 'Spain'} (country=es)",True,False,2026-01-14T18:44:16.442977,OK,1.0,1,False,False,False,False,False,0
08228_es,08228,es,"41.5370677,2.0393978",41.5370677,2.0393978,TERRASSA,Terrassa,"08228, Terrassa, Vallès Occidental, Barcelona, Catalunya, España","structured: {'postalcode': '08228', 'country': 'Spain'} (country=es)",True,False,2026-01-14T18:44:17.443219,OK,1.0,1,False,False,False,False,False,0
08241_es,08241,es,"41.7272501,1.8212159",41.7272501,1.8212159,MANRESA,Manresa,"08241, Manresa, Bages, Barcelona, Catalunya, España","structured: {'postalcode': '08241', 'country': 'Spain'} (country=es)",True,False,2026-01-14T18:44:18.467287,OK,1.0,1,False,False,False,False,False,0
08243_es,08243,es,"41.7268429,1.8396324",41.7268429,1.8396324,MANRESA,Manresa,"08243, Manresa, Bages, Barcelona, Catalunya, España","structured: {'postalcode': '08243', 'country': 'Spain'} (country=es)",True,False,2026-01-14T18:44:19.443853,OK,1.0,1,False,False,False,False,False,0
08290_es,08290,es,"41.4920368,2.1388984",41.4920368,2.1388984,CERDANYOLA DEL VALLÈS,Cerdanyola del Vallès,"08290, Cerdanyola del Vallès, Vallès Occidental, Barcelona, Catalunya, España","structured: {'postalcode': '08290', 'country': 'Spain'} (country=es)",True,False,2026-01-14T18:44:20.444845,OK,1.0,1,False,False,False,False,False,0
08292_es,08292,es,"41.5360229,1.8397645",41.5360229,1.8397645,ESPARREGUERA,Esparreguera,"08292, Esparreguera, Baix Llobregat, Barcelona, Catalunya, España","structured: {'postalcode': '08292', 'country': 'Spain'} (country=es)",True,False,2026-01-14T18:44:21.456199,OK,1.0,1,False,False,False,False,False,0
08297_es,08297,es,"41.6815697,1.8546021",41.6815697,1.8546021,CASTELLGALÍ,Castellgalí,"08297, Castellgalí, Bages, Barcelona, Catalunya, España","structured: {'postalcode': '08297', 'country': 'Spain'} (country=es)",True,False,2026-01-14T18:44:22.443824,OK,1.0,1,False,False,False,False,False,0
08304_es,08304,es,"41.5513064,2.4554947",41.5513064,2.4554947,MATARÓ,Mataró,"08304, Mataró, Maresme, Barcelona, Catalunya, España","structured: {'postalcode': '08304', 'country': 'Spain'} (country=es)",True,False,2026-01-14T18:44:23.440720,OK,1.0,1,False,False,False,False,False,0
08310_es,08310,es,"41.5509511,2.4025751",41.5509511,2.4025751,ARGENTONA,Argentona,"08310, Argentona, Maresme, Barcelona, Catalunya, España","structured: {'postalcode': '08310', 'country': 'Spain'} (country=es)",True,False,2026-01-14T18:44:24.446026,OK,1.0,1,False,False,False,False,False,0
08320_es,08320,es,"41.4830039,2.323053",41.4830039,2.323053,EL MASNOU,el Masnou,"08320, el Masnou, Maresme, Barcelona, Catalunya, España","structured: {'postalcode': '08320', 'country': 'Spain'} (country=es)",True,False,2026-01-14T18:44:25.442239,OK,1.0,1,False,False,False,False,False,0
08338_es,08338,es,"41.5010435,2.3569977",41.5010435,2.3569977,PREMIA DE DALT,Premià de Dalt,"08338, Premià de Dalt, Maresme, Barcelona, Catalunya, España","structured: {'postalcode': '08338', 'country': 'Spain'} (country=es)",True,False,2026-01-14T18:44:26.461672,OK,1.0,1,False,False,False,False,False,0
08348_es,08348,es,"41.524479,2.3684783",41.524479,2.3684783,CABRILS,Cabrils,"08348, Cabrils, Maresme, Barcelona, Catalunya, España","structured: {'postalcode': '08348', 'country': 'Spain'} (country=es)",True,False,2026-01-14T18:44:27.449066,OK,1.0,1,False,False,False,False,False,0
08380_es,08380,es,"41.643409,2.7357878",41.643409,2.7357878,MALGRAT DE MAR,Malgrat de Mar,"08380, Malgrat de Mar, Maresme, Barcelona, Catalunya, España","structured: {'postalcode': '08380', 'country': 'Spain'} (country=es)",True,False,2026-01-14T18:44:28.443188,OK,1.0,1,False,False,False,False,False,0
08389_es,08389,es,"41.677631,2.7403205",41.677631,2.7403205,PALAFOLLS,Palafolls,"08389, Palafolls, Maresme, Barcelona, Catalunya, España","structured: {'postalcode': '08389', 'country': 'Spain'} (country=es)",True,False,2026-01-14T18:44:29.472189,OK,1.0,1,False,False,False,False,False,0
08400_es,08400,es,"41.5998952,2.2794708",41.5998952,2.2794708,GRANOLLERS,Granollers,"08400, Granollers, Vallès Oriental, Barcelona, Catalunya, España","structured: {'postalcode': '08400', 'country': 'Spain'} (country=es)",True,False,2026-01-14T18:44:30.443448,OK,1.0,1,False,False,False,False,False,0
08401_es,08401,es,"41.606053,2.2862403",41.606053,2.2862403,GRANOLLERS,Granollers,"08401, Granollers, Vallès Oriental, Barcelona, Catalunya, España","structured: {'postalcode': '08401', 'country': 'Spain'} (country=es)",True,False,2026-01-14T18:44:31.447026,OK,1.0,1,False,False,False,False,False,0
08403_es,08403,es,"41.6094907,2.2772561",41.6094907,2.2772561,GRANOLLERS,Granollers,"08403, Granollers, Vallès Oriental, Barcelona, Catalunya, España","structured: {'postalcode': '08403', 'country': 'Spain'} (country=es)",True,False,2026-01-14T18:44:32.441828,OK,1.0,1,False,False,False,False,False,0
08450_es,08450,es,"41.6200702,2.3848247",41.6200702,2.3848247,LLINARS DEL VALLES,Llinars del Vallès,"08450, Llinars del Vallès, Vallès Oriental, Barcelona, Catalunya, España","structured: {'postalcode': '08450', 'country': 'Spain'} (country=es)",True,False,2026-01-14T18:44:34.495242,OK,1.0,1,False,False,False,False,False,0
08480_es,08480,es,"41.6673832,2.2619041",41.6673832,2.2619041,L'Ametlla del Vallés,l'Ametlla del Vallès,"08480, l'Ametlla del Vallès, Vallès Oriental, Barcelona, Catalunya, España","structured: {'postalcode': '08480', 'country': 'Spain'} (country=es)",True,False,2026-01-14T18:44:36.501262,OK,1.0,1,False,False,False,False,False,0
08495_es,08495,es,"41.7347434,2.66882",41.7347434,2.66882,FOGARS DE LA SELVA,Fogars de la Selva,"08495, Fogars de la Selva, la Selva, Barcelona, Catalunya, España","structured: {'postalcode': '08495', 'country': 'Spain'} (country=es)",True,False,2026-01-14T18:44:37.448836,OK,1.0,1,False,False,False,False,False,0
08500_es,08500,es,"41.9323923,2.248603",41.9323923,2.248603,VIC,Vic,"08500, Vic, Osona, Barcelona, Catalunya, España","structured: {'postalcode': '08500', 'country': 'Spain'} (country=es)",True,False,2026-01-14T18:44:38.440965,OK,1.0,1,False,False,False,False,False,0
08503_es,08503,es,"41.945364,2.2347941",41.945364,2.2347941,GURB,Gurb,"08503, Gurb, Osona, Barcelona, Catalunya, España","structured: {'postalcode': '08503', 'country': 'Spain'} (country=es)",True,False,2026-01-14T18:44:39.440284,OK,1.0,1,False,False,False,False,False,0
08520_es,08520,es,"41.6281825,2.296869",41.6281825,2.296869,LES FRANQUESES DEL VALLES,les Franqueses del Vallès,"08520, les Franqueses del Vallès, Vallès Oriental, Barcelona, Catalunya, España","structured: {'postalcode': '08520', 'country': 'Spain'} (country=es)",True,False,2026-01-14T18:44:41.444853,OK,1.0,1,False,False,False,False,False,0
08551_es,08551,es,"41.8499862,2.2265122",41.8499862,2.2265122,TONA,Tona,"08551, Tona, Osona, Barcelona, Catalunya, España","structured: {'postalcode': '08551', 'country': 'Spain'} (country=es)",True,False,2026-01-14T18:44:42.444223,OK,1.0,1,False,False,False,False,False,0
08560_es,08560,es,"42.0023732,2.2850749",42.0023732,2.2850749,MANLLEU,Manlleu,"08560, Manlleu, Osona, Barcelona, Catalunya, España","structured: {'postalcode': '08560', 'country': 'Spain'} (country=es)",True,False,2026-01-14T18:44:43.444246,OK,1.0,1,False,False,False,False,False,0
08620_es,08620,es,"41.3943885,2.0070695",41.3943885,2.0070695,SANT VICENC DELS HORTS,Sant Vicenç dels Horts,"08620, Sant Vicenç dels Horts, Baix Llobregat, Barcelona, Catalunya, España","structured: {'postalcode': '08620', 'country': 'Spain'} (country=es)",True,False,2026-01-14T18:44:44.462282,OK,1.0,1,False,False,False,False,False,0
08630_es,08630,es,"41.5159135,1.9008338",41.5159135,1.9008338,ABRERA,Abrera,"08630, Abrera, Baix Llobregat, Barcelona, Catalunya, España","structured: {'postalcode': '08630', 'country': 'Spain'} (country=es)",True,False,2026-01-14T18:44:45.438373,OK,1.0,1,False,False,False,False,False,0
08720_es,08720,es,"41.344158,1.6945498",41.344158,1.6945498,VILAFRANCA DEL PENEDÈS,Vilafranca del Penedès,"08720, Vilafranca del Penedès, Alt Penedès, Barcelona, Catalunya, España","structured: {'postalcode': '08720', 'country': 'Spain'} (country=es)",True,False,2026-01-14T18:44:46.438327,OK,1.0,1,False,False,False,False,False,0
08740_es,08740,es,"41.4487046,1.9672514",41.4487046,1.9672514,SANT ANDREU DE LA BARCA,Sant Andreu de la Barca,"08740, Sant Andreu de la Barca, Baix Llobregat, Barcelona, Catalunya, España","structured: {'postalcode': '08740', 'country': 'Spain'} (country=es)",True,False,2026-01-14T18:44:47.461657,OK,1.0,1,False,False,False,False,False,0
08755_es,08755,es,"41.4807357,1.9730195",41.4807357,1.9730195,CASTELLBISBAL,Castellbisbal,"08755, Castellbisbal, Vallès Occidental, Barcelona, Catalunya, España","structured: {'postalcode': '08755', 'country': 'Spain'} (country=es)",True,False,2026-01-14T18:44:48.435736,OK,1.0,1,False,False,False,False,False,0
08757_es,08757,es,"41.4169362,1.9141831",41.4169362,1.9141831,CORBERA DE LLOBREGAT,Corbera de Llobregat,"08757, Corbera de Llobregat, Baix Llobregat, Barcelona, Catalunya, España","structured: {'postalcode': '08757', 'country': 'Spain'} (country=es)",True,False,2026-01-14T18:44:49.455294,OK,1.0,1,False,False,False,False,False,0
08760_es,08760,es,"41.4760963,1.9245734",41.4760963,1.9245734,MARTORELL,Martorell,"08760, Martorell, Baix Llobregat, Barcelona, Catalunya, España","structured: {'postalcode': '08760', 'country': 'Spain'} (country=es)",True,False,2026-01-14T18:44:50.445380,OK,1.0,1,False,False,False,False,False,0
08777_es,08777,es,"41.4626925,1.6643095",41.4626925,1.6643095,SANT QUINTI DE MEDIONA,Sant Quintí de Mediona,"08777, Sant Quintí de Mediona, Alt Penedès, Barcelona, Catalunya, España","structured: {'postalcode': '08777', 'country': 'Spain'} (country=es)",True,False,2026-01-14T18:44:52.442444,OK,1.0,1,False,False,False,False,False,0
08778_es,08778,es,"41.5714336,1.6361449",41.5714336,1.6361449,VILANOVA DEL CAMÍ,Vilanova del Camí,"Vilanova del Camí, Anoia, Barcelona, Catalunya, 08788, España","structured: {'postalcode': '08778', 'city': 'VILANOVA DEL CAMÍ', 'country': 'Spain'} (country=es)",True,False,2026-01-14T18:44:55.808578,OK,1.0,1,False,False,False,False,False,0
08788_es,08788,es,"41.5720279,1.638149",41.5720279,1.638149,VILANOVA DEL CAMÍ,Vilanova del Camí,"08788, Vilanova del Camí, Anoia, Barcelona, Catalunya, España","structured: {'postalcode': '08788', 'country': 'Spain'} (country=es)",True,False,2026-01-14T18:44:56.770018,OK,1.0,1,False,False,False,False,False,0
08793_es,08793,es,"41.3646691,1.7874147",41.3646691,1.7874147,AVINYONET DEL PENEDÈS,Avinyonet del Penedès,"08793, Avinyonet del Penedès, Alt Penedès, Barcelona, Catalunya, España","structured: {'postalcode': '08793', 'country': 'Spain'} (country=es)",True,False,2026-01-14T18:44:57.781402,OK,1.0,1,False,False,False,False,False,0
08799_es,08799,es,"41.3214217,1.7234463",41.3214217,1.7234463,OLÈRDOLA,Olèrdola,"Olèrdola, Alt Penedès, Barcelona, Catalunya, 08734, España","structured: {'postalcode': '08799', 'city': 'OLÈRDOLA', 'country': 'Spain'} (country=es)",True,False,2026-01-14T18:45:01.801922,OK,1.0,1,False,False,False,False,False,0
08800_es,08800,es,"41.2235602,1.7171203",41.2235602,1.7171203,VILANOVA I LA GELTRU,Vilanova i la Geltrú,"08800, Vilanova i la Geltrú, Garraf, Barcelona, Catalunya, España","structured: {'postalcode': '08800', 'country': 'Spain'} (country=es)",True,False,2026-01-14T18:45:02.781051,OK,1.0,1,False,False,False,False,False,0
08820_es,08820,es,"41.3250946,2.0953532",41.3250946,2.0953532,EL PRAT DE LLOBREGAT,el Prat de Llobregat,"08820, el Prat de Llobregat, Baix Llobregat, Barcelona, Catalunya, España","structured: {'postalcode': '08820', 'country': 'Spain'} (country=es)",True,False,2026-01-14T18:45:03.778251,OK,1.0,1,False,False,False,False,False,0
08830_es,08830,es,"41.3459834,2.032091",41.3459834,2.032091,SANT BOI DE LLOBREGAT,Sant Boi de Llobregat,"08830, Sant Boi de Llobregat, Baix Llobregat, Barcelona, Catalunya, España","structured: {'postalcode': '08830', 'country': 'Spain'} (country=es)",True,False,2026-01-14T18:45:04.785734,OK,1.0,1,False,False,False,False,False,0
08840_es,08840,es,"41.3172687,2.0131798",41.3172687,2.0131798,VILADECANS,Viladecans,"08840, Viladecans, Baix Llobregat, Barcelona, Catalunya, España","structured: {'postalcode': '08840', 'country': 'Spain'} (country=es)",True,False,2026-01-14T18:45:05.778567,OK,1.0,1,False,False,False,False,False,0
08850_es,08850,es,"41.2866848,2.011059",41.2866848,2.011059,GAVA,Gavà,"08850, Gavà, Baix Llobregat, Barcelona, Catalunya, España","structured: {'postalcode': '08850', 'country': 'Spain'} (country=es)",True,False,2026-01-14T18:45:07.832665,OK,1.0,1,False,False,False,False,False,0
08904_es,08904,es,"41.3731977,2.1169958",41.3731977,2.1169958,L'HOSPITALET DE LLOBREGAT,l'Hospitalet de Llobregat,"08904, Districte II, l'Hospitalet de Llobregat, Barcelonès, Barcelona, Catalunya, España","structured: {'postalcode': '08904', 'country': 'Spain'} (country=es)",True,False,2026-01-14T18:45:08.816778,OK,1.0,1,False,False,False,False,False,0
08907_es,08907,es,"41.3528996,2.1100142",41.3528996,2.1100142,L'HOSPITALET DE LLOBREGAT,l'Hospitalet de Llobregat,"08907, Districte VI, l'Hospitalet de Llobregat, Barcelonès, Barcelona, Catalunya, España","structured: {'postalcode': '08907', 'country': 'Spain'} (country=es)",True,False,2026-01-14T18:45:09.817784,OK,1.0,1,False,False,False,False,False,0
08915_es,08915,es,"41.4624851,2.246267",41.4624851,2.246267,BADALONA,Badalona,"08915, Districte 3, Badalona, Barcelonès, Barcelona, Catalunya, España","structured: {'postalcode': '08915', 'country': 'Spain'} (country=es)",True,False,2026-01-14T18:45:12.851279,OK,1.0,1,False,False,False,False,False,0
08918_es,08918,es,"41.4336733,2.22695",41.4336733,2.22695,BADALONA,Badalona,"08918, Districte 6, Badalona, Barcelonès, Barcelona, Catalunya, España","structured: {'postalcode': '08918', 'country': 'Spain'} (country=es)",True,False,2026-01-14T18:45:13.789836,OK,1.0,1,False,False,False,False,False,0
08940_es,08940,es,"41.3566497,2.0739746",41.3566497,2.0739746,CORNELLA DE LLOBREGAT,Cornellà de Llobregat,"08940, Cornellà de Llobregat, Baix Llobregat, Barcelona, Catalunya, España","structured: {'postalcode': '08940', 'country': 'Spain'} (country=es)",True,False,2026-01-14T18:45:16.784039,OK,1.0,1,False,False,False,False,False,0
08950_es,08950,es,"41.377226,2.0887491",41.377226,2.0887491,ESPLUGUES DE LLOBREGAT,Esplugues de Llobregat,"08950, Esplugues de Llobregat, Baix Llobregat, Barcelona, Catalunya, España","structured: {'postalcode': '08950', 'country': 'Spain'} (country=es)",True,False,2026-01-14T18:45:18.783257,OK,1.0,1,False,False,False,False,False,0
08970_es,08970,es,"41.369213,2.0627242",41.369213,2.0627242,SANT JOAN DESPÍ,Sant Joan Despí,"08970, Sant Joan Despí, Baix Llobregat, Barcelona, Catalunya, España","structured: {'postalcode': '08970', 'country': 'Spain'} (country=es)",True,False,2026-01-14T18:45:21.791087,OK,1.0,1,False,False,False,False,False,0
08980_es,08980,es,"41.3843595,2.0480467",41.3843595,2.0480467,SANT FELIU DE LLOBREGAT,Sant Feliu de Llobregat,"08980, Sant Feliu de Llobregat, Baix Llobregat, Barcelona, Catalunya, España","structured: {'postalcode': '08980', 'country': 'Spain'} (country=es)",True,False,2026-01-14T18:45:22.785557,OK,1.0,1,False,False,False,False,False,0
09001_es,09001,es,"42.3542687,-3.7302409",42.3542687,-3.7302409,BURGOS,Burgos,"09001, Burgos, Castilla y León, España","structured: {'postalcode': '09001', 'country': 'Spain'} (country=es)",True,False,2026-01-14T18:45:23.785370,OK,1.0,1,False,False,False,False,False,0
09320_es,09320,es,"42.1709508,-3.7121413",42.1709508,-3.7121413,VALDORROS,Valdorros,"09320, Valdorros, Burgos, Castilla y León, España","structured: {'postalcode': '09320', 'country': 'Spain'} (country=es)",True,False,2026-01-14T18:45:27.807493,OK,1.0,1,False,False,False,False,False,0
10003_es,10003,es,"39.4767238,-6.3718786",39.4767238,-6.3718786,CÁCERES,Cáceres,"10003, Margallo, Cáceres, Extremadura, España","structured: {'postalcode': '10003', 'country': 'Spain'} (country=es)",True,False,2026-01-14T18:45:28.783686,OK,1.0,1,False,False,False,False,False,0
10310_es,10310,es,"39.9857223,-5.6092024",39.9857223,-5.6092024,TALAYUELA,Talayuela,"10310, Talayuela, Cáceres, Extremadura, España","structured: {'postalcode': '10310', 'country': 'Spain'} (country=es)",True,False,2026-01-14T18:45:29.791843,OK,1.0,1,False,False,False,False,False,0
10700_es,10700,es,"40.2706357,-5.8622659",40.2706357,-5.8622659,HERVAS,Hervás,"10700, Hervás, Cáceres, Extremadura, España","structured: {'postalcode': '10700', 'country': 'Spain'} (country=es)",True,False,2026-01-14T18:45:37.804157,OK,1.0,1,False,False,False,False,False,0
11500_es,11500,es,"36.5996042,-6.2278796",36.5996042,-6.2278796,EL PUERTO DE SANTA MARIA,El Puerto de Santa María,"11500, El Puerto de Santa María, Bahía de Cádiz, Cádiz, Andalucía, España","structured: {'postalcode': '11500', 'country': 'Spain'} (country=es)",True,False,2026-01-14T18:45:38.780749,OK,1.0,1,False,False,False,False,False,0
11510_es,11510,es,"36.528836,-6.1797502",36.528836,-6.1797502,PUERTO REAL,Puerto Real,"11510, Puerto Real, Bahía de Cádiz, Cádiz, Andalucía, España","structured: {'postalcode': '11510', 'country': 'Spain'} (country=es)",True,False,2026-01-14T18:45:39.784236,OK,1.0,1,False,False,False,False,False,0
11591_es,11591,es,"36.7185166,-6.0888104",36.7185166,-6.0888104,JEREZ DE LA FRONTERA,Jerez de la Frontera,"11591, Jerez de la Frontera, Campiña de Jerez, Cádiz, Andalucía, España","structured: {'postalcode': '11591', 'country': 'Spain'} (country=es)",True,False,2026-01-14T18:45:40.791605,OK,1.0,1,False,False,False,False,False,0
12540_es,12540,es,"39.9370955,-0.1013426",39.9370955,-0.1013426,VILA-REAL,Vila-real,"12540, Vila-real, la Plana Baixa, Castelló / Castellón, Comunitat Valenciana, España","structured: {'postalcode': '12540', 'country': 'Spain'} (country=es)",True,False,2026-01-14T18:46:05.799879,OK,1.0,1,False,False,False,False,False,0
12580_es,12580,es,"40.4197518,0.4236262",40.4197518,0.4236262,BENICARLO,Benicarló,"12580, Benicarló, el Baix Maestrat, Castelló / Castellón, Comunitat Valenciana, España","structured: {'postalcode': '12580', 'country': 'Spain'} (country=es)",True,False,2026-01-14T18:46:06.829178,OK,1.0,1,False,False,False,False,False,0
12600_es,12600,es,"39.8207134,-0.2313872",39.8207134,-0.2313872,LA VALL D'UIXÓ,la Vall d'Uixó,"12600, la Vall d'Uixó, la Plana Baixa, Castelló / Castellón, Comunitat Valenciana, España","structured: {'postalcode': '12600', 'country': 'Spain'} (country=es)",True,False,2026-01-14T18:46:07.785540,OK,1.0,1,False,False,False,False,False,0
13003_es,13003,es,"38.9895883,-3.9280039",38.9895883,-3.9280039,CIUDAD REAL,Ciudad Real,"13003, Ciudad Real, Castilla-La Mancha, España","structured: {'postalcode': '13003', 'country': 'Spain'} (country=es)",True,False,2026-01-14T18:46:12.817277,OK,1.0,1,False,False,False,False,False,0
13004_es,13004,es,"38.9841921,-3.924177",38.9841921,-3.924177,CIUDAD REAL,Ciudad Real,"13004, Ciudad Real, Castilla-La Mancha, España","structured: {'postalcode': '13004', 'country': 'Spain'} (country=es)",True,False,2026-01-14T18:46:13.779893,OK,1.0,1,False,False,False,False,False,0
13005_es,13005,es,"38.9879258,-3.923671",38.9879258,-3.923671,CIUDAD REAL,Ciudad Real,"13005, Ciudad Real, Castilla-La Mancha, España","structured: {'postalcode': '13005', 'country': 'Spain'} (country=es)",True,False,2026-01-14T18:46:14.786829,OK,1.0,1,False,False,False,False,False,0
13071_es,13071,es,"38.9906283,-3.9197512",38.9906283,-3.9197512,CIUDAD REAL,Ciudad Real,"13071, Ciudad Real, Castilla-La Mancha, España","structured: {'postalcode': '13071', 'country': 'Spain'} (country=es)",True,False,2026-01-14T18:46:15.784331,OK,1.0,1,False,False,False,False,False,0
13160_es,13160,es,"39.0135542,-3.7490016",39.0135542,-3.7490016,TORRALBA DE CALATRAVA,Torralba de Calatrava,"13160, Torralba de Calatrava, Ciudad Real, Castilla-La Mancha, España","structured: {'postalcode': '13160', 'country': 'Spain'} (country=es)",True,False,2026-01-14T18:46:16.799312,OK,1.0,1,False,False,False,False,False,0
13500_es,13500,es,"38.6885704,-4.1072192",38.6885704,-4.1072192,PUERTOLLANO,Puertollano,"13500, Puertollano, Ciudad Real, Castilla-La Mancha, España","structured: {'postalcode': '13500', 'country': 'Spain'} (country=es)",True,False,2026-01-14T18:46:18.779380,OK,1.0,1,False,False,False,False,False,0
13600_es,13600,es,"39.3871129,-3.2110227",39.3871129,-3.2110227,ALCAZAR DE SAN JUAN,Alcázar de San Juan,"13600, Alcázar de San Juan, Ciudad Real, Castilla-La Mancha, España","structured: {'postalcode': '13600', 'country': 'Spain'} (country=es)",True,False,2026-01-14T18:46:19.787830,OK,1.0,1,False,False,False,False,False,0
13610_es,13610,es,"39.4045872,-3.124738",39.4045872,-3.124738,CAMPO DE CRIPTANA,Campo de Criptana,"13610, Campo de Criptana, Ciudad Real, Castilla-La Mancha, España","structured: {'postalcode': '13610', 'country': 'Spain'} (country=es)",True,False,2026-01-14T18:46:20.790237,OK,1.0,1,False,False,False,False,False,0
13700_es,13700,es,"39.1600372,-3.0180522",39.1600372,-3.0180522,TOMELLOSO,Tomelloso,"13700, Tomelloso, Ciudad Real, Castilla-La Mancha, España","structured: {'postalcode': '13700', 'country': 'Spain'} (country=es)",True,False,2026-01-14T18:46:21.783271,OK,1.0,1,False,False,False,False,False,0
14014_es,14014,es,"37.898418,-4.7427962",37.898418,-4.7427962,CORDOBA,Córdoba,"14014, Córdoba, Andalucía, España","structured: {'postalcode': '14014', 'country': 'Spain'} (country=es)",True,False,2026-01-14T18:46:22.782831,OK,1.0,1,False,False,False,False,False,0
14071_es,14071,es,"37.8851736,-4.7912979",37.8851736,-4.7912979,CORDOBA,Córdoba,"14071, Distrito Poniente Sur, Córdoba, Andalucía, España","structured: {'postalcode': '14071', 'country': 'Spain'} (country=es)",True,False,2026-01-14T18:46:23.785777,OK,1.0,1,False,False,False,False,False,0
14720_es,14720,es,"37.8276561,-5.0060912",37.8276561,-5.0060912,ALMODOVAR DEL RIO,Almodóvar del Río,"14720, Almodóvar del Río, Córdoba, Andalucía, España","structured: {'postalcode': '14720', 'country': 'Spain'} (country=es)",True,False,2026-01-14T18:46:24.789130,OK,1.0,1,False,False,False,False,False,0
15001_es,15001,es,"43.371545,-8.3952417",43.371545,-8.3952417,A CORUÑA,A Coruña,"15001, A Coruña, Galicia, España","structured: {'postalcode': '15001', 'country': 'Spain'} (country=es)",True,False,2026-01-14T18:46:34.779554,OK,1.0,1,False,False,False,False,False,0
15008_es,15008,es,"43.338559,-8.4166411",43.338559,-8.4166411,A CORUÑA,A Coruña,"15008, San Cristovo das Viñas, A Coruña, Galicia, España","structured: {'postalcode': '15008', 'country': 'Spain'} (country=es)",True,False,2026-01-14T18:46:35.831849,OK,1.0,1,False,False,False,False,False,0
15071_es,15071,es,"43.3401654,-8.4079943",43.3401654,-8.4079943,A CORUÑA,A Coruña,"15071, San Cristovo das Viñas, A Coruña, Galicia, España","structured: {'postalcode': '15071', 'country': 'Spain'} (country=es)",True,False,2026-01-14T18:46:40.789103,OK,1.0,1,False,False,False,False,False,0
15190_es,15190,es,"43.3241346,-8.433414",43.3241346,-8.433414,A CORUNA,A Coruña,"15190, A Coruña, Galicia, España","structured: {'postalcode': '15190', 'country': 'Spain'} (country=es)",True,False,2026-01-14T18:46:42.802246,OK,1.0,1,False,False,False,False,False,0
15318_es,15318,es,"43.2012163,-8.3056726",43.2012163,-8.3056726,Abegondo,Abegondo,"15318, Folgoso, Abegondo, A Coruña, Galicia, España","structured: {'postalcode': '15318', 'country': 'Spain'} (country=es)",True,False,2026-01-14T18:46:44.790303,OK,1.0,1,False,False,False,False,False,0
15567_es,15567,es,"43.5263548,-7.8805194",43.5263548,-7.8805194,AS SOMOZAS,As Somozas,"15567, Seixas, As Somozas, Ferrol, A Coruña, Galicia, España","structured: {'postalcode': '15567', 'country': 'Spain'} (country=es)",True,False,2026-01-14T18:46:48.327178,OK,1.0,1,False,False,False,False,False,0
15702_es,15702,es,"42.8699558,-8.5414322",42.8699558,-8.5414322,SANTIAGO DE COMPOSTELA,Santiago de Compostela,"15702, Santiago de Compostela, Santiago, A Coruña, Galicia, España","structured: {'postalcode': '15702', 'country': 'Spain'} (country=es)",True,False,2026-01-14T18:46:50.313779,OK,1.0,1,False,False,False,False,False,0
15705_es,15705,es,"42.8853252,-8.5425183",42.8853252,-8.5425183,SANTIAGO DE COMPOSTELA,Santiago de Compostela,"15705, Santiago de Compostela, Santiago, A Coruña, Galicia, España","structured: {'postalcode': '15705', 'country': 'Spain'} (country=es)",True,False,2026-01-14T18:46:52.318273,OK,1.0,1,False,False,False,False,False,0
15706_es,15706,es,"42.8680246,-8.5590154",42.8680246,-8.5590154,SANTIAGO DE COMPOSTELA,Santiago de Compostela,"15706, Santiago de Compostela, Santiago, A Coruña, Galicia, España","structured: {'postalcode': '15706', 'country': 'Spain'} (country=es)",True,False,2026-01-14T18:46:53.319292,OK,1.0,1,False,False,False,False,False,0
15782_es,15782,es,"42.8810211,-8.5518024",42.8810211,-8.5518024,SANTIAGO DE COMPOSTELA,Santiago de Compostela,"15782, Santiago de Compostela, Santiago, A Coruña, Galicia, España","structured: {'postalcode': '15782', 'country': 'Spain'} (country=es)",True,False,2026-01-14T18:46:54.352023,OK,1.0,1,False,False,False,False,False,0
15823_es,15823,es,"42.91311,-8.3193479",42.91311,-8.3193479,O PINO,O Pino,"15823, Cerceda, O Pino, Arzúa, A Coruña, Galicia, España","structured: {'postalcode': '15823', 'country': 'Spain'} (country=es)",True,False,2026-01-14T18:46:56.325784,OK,1.0,1,False,False,False,False,False,0
15890_es,15890,es,"42.9061069,-8.5172882",42.9061069,-8.5172882,SANTIAGO DE COMPOSTELA,Santiago de Compostela,"15890, San Caetano, Santiago de Compostela, Santiago, A Coruña, Galicia, España","structured: {'postalcode': '15890', 'country': 'Spain'} (country=es)",True,False,2026-01-14T18:46:57.312350,OK,1.0,1,False,False,False,False,False,0
15895_es,15895,es,"42.8441142,-8.5782526",42.8441142,-8.5782526,O MILLADOIRO,O Milladoiro,"15895, Biduído, O Milladoiro, Ames, Santiago, A Coruña, Galicia, España","structured: {'postalcode': '15895', 'country': 'Spain'} (country=es)",True,False,2026-01-14T18:46:58.334108,OK,1.0,1,False,False,False,False,False,0
16400_es,16400,es,"40.0100205,-3.0096248",40.0100205,-3.0096248,TARANCON,Tarancón,"16400, Tarancón, Cuenca, Castilla-La Mancha, España","structured: {'postalcode': '16400', 'country': 'Spain'} (country=es)",True,False,2026-01-14T18:47:01.309860,OK,1.0,1,False,False,False,False,False,0
17001_es,17001,es,"41.9839086,2.819494",41.9839086,2.819494,GIRONA,Girona,"17001, Girona, Gironès, Girona, Catalunya, España","structured: {'postalcode': '17001', 'country': 'Spain'} (country=es)",True,False,2026-01-14T18:47:09.314700,OK,1.0,1,False,False,False,False,False,0
17003_es,17003,es,"41.9653145,2.8215496",41.9653145,2.8215496,GIRONA,Girona,"17003, Girona, Gironès, Girona, Catalunya, España","structured: {'postalcode': '17003', 'country': 'Spain'} (country=es)",True,False,2026-01-14T18:47:10.345139,OK,1.0,1,False,False,False,False,False,0
17004_es,17004,es,"41.9797029,2.8304642",41.9797029,2.8304642,GIRONA,Girona,"17004, Girona, Gironès, Girona, Catalunya, España","structured: {'postalcode': '17004', 'country': 'Spain'} (country=es)",True,False,2026-01-14T18:47:11.320179,OK,1.0,1,False,False,False,False,False,0
17005_es,17005,es,"41.9734038,2.8113085",41.9734038,2.8113085,GIRONA,Girona,"17005, Girona, Gironès, Girona, Catalunya, España","structured: {'postalcode': '17005', 'country': 'Spain'} (country=es)",True,False,2026-01-14T18:47:12.364269,OK,1.0,1,False,False,False,False,False,0
17007_es,17007,es,"41.9968111,2.8186767",41.9968111,2.8186767,GIRONA,Girona,"17007, Girona, Gironès, Girona, Catalunya, España","structured: {'postalcode': '17007', 'country': 'Spain'} (country=es)",True,False,2026-01-14T18:47:13.367803,OK,1.0,1,False,False,False,False,False,0
17412_es,17412,es,"41.7444053,2.7811034",41.7444053,2.7811034,MAÇANET DE LA SELVA,Maçanet de la Selva,"17412, Maçanet de la Selva, la Selva, Girona, Catalunya, España","structured: {'postalcode': '17412', 'country': 'Spain'} (country=es)",True,False,2026-01-14T18:47:17.321461,OK,1.0,1,False,False,False,False,False,0
17457_es,17457,es,"41.8970144,2.8038429",41.8970144,2.8038429,RIUDELLOTS DE LA SELVA,Riudellots de la Selva,"17457, Riudellots de la Selva, la Selva, Girona, Catalunya, España","structured: {'postalcode': '17457', 'country': 'Spain'} (country=es)",True,False,2026-01-14T18:47:18.312542,OK,1.0,1,False,False,False,False,False,0
17460_es,17460,es,"42.0297183,2.8868354",42.0297183,2.8868354,CELRÀ,Celrà,"17460, Celrà, Gironès, Girona, Catalunya, España","structured: {'postalcode': '17460', 'country': 'Spain'} (country=es)",True,False,2026-01-14T18:47:19.317987,OK,1.0,1,False,False,False,False,False,0
17860_es,17860,es,"42.2357539,2.2901334",42.2357539,2.2901334,SANT JOAN DE LES ABADESSES,Sant Joan de les Abadesses,"17860, Sant Joan de les Abadesses, Ripollès, Girona, Catalunya, España","structured: {'postalcode': '17860', 'country': 'Spain'} (country=es)",True,False,2026-01-14T18:47:32.331406,OK,1.0,1,False,False,False,False,False,0
18004_es,18004,es,"37.1733825,-3.6097501",37.1733825,-3.6097501,GRANADA,Granada,"18004, Ronda, Granada, Comarca de la Vega de Granada, Granada, Andalucía, España","structured: {'postalcode': '18004', 'country': 'Spain'} (country=es)",True,False,2026-01-14T18:47:33.336815,OK,1.0,1,False,False,False,False,False,0
18005_es,18005,es,"37.1702397,-3.6002495",37.1702397,-3.6002495,GRANADA,Granada,"18005, Ronda, Granada, Comarca de la Vega de Granada, Granada, Andalucía, España","structured: {'postalcode': '18005', 'country': 'Spain'} (country=es)",True,False,2026-01-14T18:47:34.318662,OK,1.0,1,False,False,False,False,False,0
18010_es,18010,es,"37.1800218,-3.5950974",37.1800218,-3.5950974,GRANADA,Granada,"18010, Albaicín, Granada, Comarca de la Vega de Granada, Granada, Andalucía, España","structured: {'postalcode': '18010', 'country': 'Spain'} (country=es)",True,False,2026-01-14T18:47:35.312791,OK,1.0,1,False,False,False,False,False,0
18071_es,18071,es,"37.1815867,-3.6070939",37.1815867,-3.6070939,GRANADA,Granada,"18071, Beiro, Granada, Comarca de la Vega de Granada, Granada, Andalucía, España","structured: {'postalcode': '18071', 'country': 'Spain'} (country=es)",True,False,2026-01-14T18:47:37.318101,OK,1.0,1,False,False,False,False,False,0
18100_es,18100,es,"37.1454687,-3.6193946",37.1454687,-3.6193946,ARMILLA,Armilla,"18100, Armilla, Comarca de la Vega de Granada, Granada, Andalucía, España","structured: {'postalcode': '18100', 'country': 'Spain'} (country=es)",True,False,2026-01-14T18:47:38.321208,OK,1.0,1,False,False,False,False,False,0
18230_es,18230,es,"37.2217218,-3.6878459",37.2217218,-3.6878459,ATARFE,Atarfe,"18230, Atarfe, Comarca de la Vega de Granada, Granada, Andalucía, España","structured: {'postalcode': '18230', 'country': 'Spain'} (country=es)",True,False,2026-01-14T18:47:40.313585,OK,1.0,1,False,False,False,False,False,0
18500_es,18500,es,"37.3052559,-3.1382292",37.3052559,-3.1382292,GUADIX,Guadix,"18500, Guadix, Comarca de Guadix, Granada, Andalucía, España","structured: {'postalcode': '18500', 'country': 'Spain'} (country=es)",True,False,2026-01-14T18:47:41.309540,OK,1.0,1,False,False,False,False,False,0
19180_es,19180,es,"40.6669337,-3.2022178",40.6669337,-3.2022178,MARCHAMALO,Marchamalo,"19180, Marchamalo, Guadalajara, Castilla-La Mancha, España","structured: {'postalcode': '19180', 'country': 'Spain'} (country=es)",True,False,2026-01-14T18:47:42.312809,OK,1.0,1,False,False,False,False,False,0
19200_es,19200,es,"40.565991,-3.2659545",40.565991,-3.2659545,AZUQUECA DE HENARES,Azuqueca de Henares,"19200, Azuqueca de Henares, Guadalajara, Castilla-La Mancha, España","structured: {'postalcode': '19200', 'country': 'Spain'} (country=es)",True,False,2026-01-14T18:47:43.322154,OK,1.0,1,False,False,False,False,False,0
19208_es,19208,es,"40.5949015,-3.2469209",40.5949015,-3.2469209,ALOVERA,Alovera,"19208, Alovera, Guadalajara, Castilla-La Mancha, España","structured: {'postalcode': '19208', 'country': 'Spain'} (country=es)",True,False,2026-01-14T18:47:44.337913,OK,1.0,1,False,False,False,False,False,0
2005002_pt,2005002,pt,"39.2732737,-8.7296058",39.2732737,-8.7296058,Santarem,Santarém,"2005-002, Romeira e Várzea, Santarém, Portugal","free-text: 2005-002, Portugal (country=pt)",True,False,2026-01-14T18:47:56.324274,OK,1.0,1,False,False,False,False,False,0
20100_es,20100,es,"43.3130102,-1.8959871",43.3130102,-1.8959871,ERRENTERIA,Errenteria,"20100, Errenteria, Gipuzkoa, Euskadi, España","structured: {'postalcode': '20100', 'country': 'Spain'} (country=es)",True,False,2026-01-14T18:47:57.315109,OK,1.0,1,False,False,False,False,False,0
20150_es,20150,es,"43.1914186,-2.0530672",43.1914186,-2.0530672,VILLABONA,Villabona,"20150, Villabona, Gipuzkoa, Euskadi, España","structured: {'postalcode': '20150', 'country': 'Spain'} (country=es)",True,False,2026-01-14T18:47:59.313058,OK,1.0,1,False,False,False,False,False,0
20160_es,20160,es,"43.2649188,-2.017931",43.2649188,-2.017931,LASARTE-ORIA,Lasarte-Oria,"20160, Lasarte-Oria, Gipuzkoa, Euskadi, España","structured: {'postalcode': '20160', 'country': 'Spain'} (country=es)",True,False,2026-01-14T18:48:00.324962,OK,1.0,1,False,False,False,False,False,0
20271_es,20271,es,"43.1664271,-2.0680593",43.1664271,-2.0680593,IRURA,Irura,"20271, Irura, Gipuzkoa, Euskadi, España","structured: {'postalcode': '20271', 'country': 'Spain'} (country=es)",True,False,2026-01-14T18:48:01.316167,OK,1.0,1,False,False,False,False,False,0
20730_es,20730,es,"43.1774377,-2.2625609",43.1774377,-2.2625609,AZPEITIA,Azpeitia,"20730, Azpeitia, Urola-Kosta, Gipuzkoa, Euskadi, España","structured: {'postalcode': '20730', 'country': 'Spain'} (country=es)",True,False,2026-01-14T18:48:02.312622,OK,1.0,1,False,False,False,False,False,0
20870_es,20870,es,"43.2153265,-2.4119015",43.2153265,-2.4119015,ELGOIBAR,Elgoibar,"20870, Elgoibar, Debabarrena, Gipuzkoa, Euskadi, España","structured: {'postalcode': '20870', 'country': 'Spain'} (country=es)",True,False,2026-01-14T18:48:15.528181,OK,1.0,1,False,False,False,False,False,0
2130197_pt,2130197,pt,"38.9730473,-8.8081343",38.9730473,-8.8081343,BENAVENTE,Benavente,"2130-197, Benavente, Santarém, Portugal","free-text: 2130-197, Portugal (country=pt)",True,False,2026-01-14T18:48:18.659078,OK,1.0,1,False,False,False,False,False,0
21810_es,21810,es,"37.2257346,-6.8915387",37.2257346,-6.8915387,PALOS DE LA FRONTERA,Palos de la Frontera,"21810, Palos de la Frontera, Comarca Metropolitana de Huelva, Huelva, Andalucía, España","structured: {'postalcode': '21810', 'country': 'Spain'} (country=es)",True,False,2026-01-14T18:48:19.639170,OK,1.0,1,False,False,False,False,False,0
21830_es,21830,es,"37.3228528,-6.6824995",37.3228528,-6.6824995,BONARES,Bonares,"21830, Bonares, El Condado, Huelva, Andalucía, España","structured: {'postalcode': '21830', 'country': 'Spain'} (country=es)",True,False,2026-01-14T18:48:20.633397,OK,1.0,1,False,False,False,False,False,0
22280_es,22280,es,"42.0138704,-0.7616068",42.0138704,-0.7616068,GURREA DE GALLEGO,Gurrea de Gállego,"22280, Gurrea de Gállego, Hoya de Huesca / Plana de Uesca, Huesca, Aragón, España","structured: {'postalcode': '22280', 'country': 'Spain'} (country=es)",True,False,2026-01-14T18:48:24.664470,OK,1.0,1,False,False,False,False,False,0
22282_es,22282,es,"42.0667747,-0.685267",42.0667747,-0.685267,ALCALA DE GURREA,Alcalá de Gurrea,"22282, Alcalá de Gurrea, Hoya de Huesca / Plana de Uesca, Huesca, Aragón, España","structured: {'postalcode': '22282', 'country': 'Spain'} (country=es)",True,False,2026-01-14T18:48:25.650780,OK,1.0,1,False,False,False,False,False,0
22300_es,22300,es,"42.0356115,0.1259704",42.0356115,0.1259704,BARBASTRO,Barbastro,"22300, Barbastro, Somontano de Barbastro, Huesca, Aragón, España","structured: {'postalcode': '22300', 'country': 'Spain'} (country=es)",True,False,2026-01-14T18:48:26.655984,OK,1.0,1,False,False,False,False,False,0
23003_es,23003,es,"37.7684571,-3.7738293",37.7684571,-3.7738293,Jaen,Jaén,"23003, Jaén, Andalucía, España","structured: {'postalcode': '23003', 'country': 'Spain'} (country=es)",True,False,2026-01-14T18:48:31.672346,OK,1.0,1,False,False,False,False,False,0
23009_es,23009,es,"37.7889816,-3.7834249",37.7889816,-3.7834249,Jaén,Jaén,"23009, Jaén, Andalucía, España","structured: {'postalcode': '23009', 'country': 'Spain'} (country=es)",True,False,2026-01-14T18:48:32.665773,OK,1.0,1,False,False,False,False,False,0
23700_es,23700,es,"38.0933334,-3.6376997",38.0933334,-3.6376997,LINARES,Linares,"23700, Linares, Jaén, Andalucía, España","structured: {'postalcode': '23700', 'country': 'Spain'} (country=es)",True,False,2026-01-14T18:48:36.668279,OK,1.0,1,False,False,False,False,False,0
2380184_pt,2380184,pt,"39.4610723,-8.6658189",39.4610723,-8.6658189,Alcanena,Alcanena,"2380-184, Alcanena e Vila Moreira, Alcanena, Santarém, Portugal","free-text: 2380-184, Portugal (country=pt)",True,False,2026-01-14T18:48:37.707902,OK,1.0,1,False,False,False,False,False,0
24004_es,24004,es,"42.5936167,-5.5746792",42.5936167,-5.5746792,LEON,León,"24004, San Claudio, León, Castilla y León, España","structured: {'postalcode': '24004', 'country': 'Spain'} (country=es)",True,False,2026-01-14T18:48:42.772200,OK,1.0,1,False,False,False,False,False,0
24071_es,24071,es,"42.606913,-5.5766216",42.606913,-5.5766216,LEÓN,León,"24071, Renueva - San Esteban, León, Castilla y León, España","structured: {'postalcode': '24071', 'country': 'Spain'} (country=es)",True,False,2026-01-14T18:48:45.667116,OK,1.0,1,False,False,False,False,False,0
24403_es,24403,es,"42.5467874,-6.6130845",42.5467874,-6.6130845,PONFERRADA,Ponferrada,"24403, Ponferrada, El Bierzo, León, Castilla y León, España","structured: {'postalcode': '24403', 'country': 'Spain'} (country=es)",True,False,2026-01-14T18:48:48.667779,OK,1.0,1,False,False,False,False,False,0
25002_es,25002,es,"41.6127557,0.6213851",41.6127557,0.6213851,LLEIDA,Lleida,"25002, Lleida, Segrià, Lleida, Catalunya, España","structured: {'postalcode': '25002', 'country': 'Spain'} (country=es)",True,False,2026-01-14T18:48:49.683307,OK,1.0,1,False,False,False,False,False,0
25003_es,25003,es,"41.6137258,0.6129157",41.6137258,0.6129157,LLEIDA,Lleida,"25003, Lleida, Segrià, Lleida, Catalunya, España","structured: {'postalcode': '25003', 'country': 'Spain'} (country=es)",True,False,2026-01-14T18:48:50.664216,OK,1.0,1,False,False,False,False,False,0
25198_es,25198,es,"41.6407138,0.5766707",41.6407138,0.5766707,LLEIDA,Lleida,"25198, Lleida, Segrià, Lleida, Catalunya, España","structured: {'postalcode': '25198', 'country': 'Spain'} (country=es)",True,False,2026-01-14T18:48:51.676388,OK,1.0,1,False,False,False,False,False,0
25200_es,25200,es,"41.6537629,1.2602577",41.6537629,1.2602577,CERVERA,Cervera,"25200, Cervera, Segarra, Lleida, Catalunya, España","structured: {'postalcode': '25200', 'country': 'Spain'} (country=es)",True,False,2026-01-14T18:48:52.683135,OK,1.0,1,False,False,False,False,False,0
25210_es,25210,es,"41.7785068,1.2993026",41.7785068,1.2993026,GUISSONA,Guissona,"25210, Guissona, Segarra, Lleida, Catalunya, España","structured: {'postalcode': '25210', 'country': 'Spain'} (country=es)",True,False,2026-01-14T18:48:53.675420,OK,1.0,1,False,False,False,False,False,0
25230_es,25230,es,"41.6275316,0.8934595",41.6275316,0.8934595,MOLLERUSSA,Mollerussa,"25230, Mollerussa, Pla d'Urgell, Lleida, Catalunya, España","structured: {'postalcode': '25230', 'country': 'Spain'} (country=es)",True,False,2026-01-14T18:48:54.669364,OK,1.0,1,False,False,False,False,False,0
25321_es,25321,es,"41.6156316,0.7389985",41.6156316,0.7389985,ELS ALAMUS,els Alamús,"els Alamús, Segrià, Lleida, Catalunya, 25221, España","free-text: 25321 ELS ALAMUS, Spain (country=es)",True,False,2026-01-14T18:48:57.729600,OK,1.0,1,False,False,False,False,False,0
25670_es,25670,es,"41.7215547,0.767337",41.7215547,0.767337,TERMENS,Térmens,"25670, Térmens, Noguera, Lleida, Catalunya, España","structured: {'postalcode': '25670', 'country': 'Spain'} (country=es)",True,False,2026-01-14T18:49:02.717189,OK,1.0,1,False,False,False,False,False,0
26004_es,26004,es,"42.4655982,-2.4348675",42.4655982,-2.4348675,LOGROÑO,Logroño,"26004, Logroño, La Rioja, España","structured: {'postalcode': '26004', 'country': 'Spain'} (country=es)",True,False,2026-01-14T18:49:09.680376,OK,1.0,1,False,False,False,False,False,0
26005_es,26005,es,"42.469321,-2.4693578",42.469321,-2.4693578,LOGROÑO,Logroño,"26005, Logroño, La Rioja, España","structured: {'postalcode': '26005', 'country': 'Spain'} (country=es)",True,False,2026-01-14T18:49:10.657647,OK,1.0,1,False,False,False,False,False,0
26006_es,26006,es,"42.4557631,-2.4271399",42.4557631,-2.4271399,LOGROÑO,Logroño,"26006, Logroño, La Rioja, España","structured: {'postalcode': '26006', 'country': 'Spain'} (country=es)",True,False,2026-01-14T18:49:11.658153,OK,1.0,1,False,False,False,False,False,0
26007_es,26007,es,"42.4569385,-2.4656132",42.4569385,-2.4656132,LOGROÑO,Logroño,"26007, Logroño, La Rioja, España","structured: {'postalcode': '26007', 'country': 'Spain'} (country=es)",True,False,2026-01-14T18:49:12.653278,OK,1.0,1,False,False,False,False,False,0
26510_es,26510,es,"42.3338463,-2.068495",42.3338463,-2.068495,Pradejón,Pradejón,"26510, Pradejón, La Rioja, España","structured: {'postalcode': '26510', 'country': 'Spain'} (country=es)",True,False,2026-01-14T18:49:16.706733,OK,1.0,1,False,False,False,False,False,0
26560_es,26560,es,"42.2154867,-2.0039237",42.2154867,-2.0039237,AUTOL,Autol,"26560, Autol, La Rioja, España","structured: {'postalcode': '26560', 'country': 'Spain'} (country=es)",True,False,2026-01-14T18:49:17.707794,OK,1.0,1,False,False,False,False,False,0
26580_es,26580,es,"42.2345933,-2.0896693",42.2345933,-2.0896693,ARNEDO,Arnedo,"26580, Arnedo, La Rioja, España","structured: {'postalcode': '26580', 'country': 'Spain'} (country=es)",True,False,2026-01-14T18:49:18.691960,OK,1.0,1,False,False,False,False,False,0
27002_es,27002,es,"43.0059608,-7.5502655",43.0059608,-7.5502655,LUGO,Lugo,"27002, Lugo, Galicia, España","structured: {'postalcode': '27002', 'country': 'Spain'} (country=es)",True,False,2026-01-14T18:49:57.864184,OK,1.0,1,False,False,False,False,False,0
27260_es,27260,es,"43.1452442,-7.5050189",43.1452442,-7.5050189,CASTRO DE REI,Castro de Rei,"27260, Ribeiras de Lea, Castro de Rei, Terra Chá, Lugo, Galicia, España","structured: {'postalcode': '27260', 'country': 'Spain'} (country=es)",True,False,2026-01-14T18:50:06.747308,OK,1.0,1,False,False,False,False,False,0
27400_es,27400,es,"42.5240431,-7.5133873",42.5240431,-7.5133873,MONFORTE DE LEMOS,Monforte de Lemos,"27400, Monforte de Lemos, Terra de Lemos, Lugo, Galicia, España","structured: {'postalcode': '27400', 'country': 'Spain'} (country=es)",True,False,2026-01-14T18:50:15.689283,OK,1.0,1,False,False,False,False,False,0
28002_es,28002,es,"40.4449054,-3.6741724",40.4449054,-3.6741724,MADRID,Madrid,"28002, Chamartín, Madrid, Comunidad de Madrid, España","structured: {'postalcode': '28002', 'country': 'Spain'} (country=es)",True,False,2026-01-14T18:50:24.708091,OK,1.0,1,False,False,False,False,False,0
28004_es,28004,es,"40.4239609,-3.7008323",40.4239609,-3.7008323,MADRID,Madrid,"28004, Centro, Madrid, Comunidad de Madrid, España","structured: {'postalcode': '28004', 'country': 'Spain'} (country=es)",True,False,2026-01-14T18:50:25.695479,OK,1.0,1,False,False,False,False,False,0
28006_es,28006,es,"40.4356668,-3.6793441",40.4356668,-3.6793441,MADRID,Madrid,"28006, Salamanca, Madrid, Comunidad de Madrid, España","structured: {'postalcode': '28006', 'country': 'Spain'} (country=es)",True,False,2026-01-14T18:50:26.692084,OK,1.0,1,False,False,False,False,False,0
28009_es,28009,es,"40.4188191,-3.6726294",40.4188191,-3.6726294,MADRID,Madrid,"28009, Retiro, Madrid, Comunidad de Madrid, España","structured: {'postalcode': '28009', 'country': 'Spain'} (country=es)",True,False,2026-01-14T18:50:27.693548,OK,1.0,1,False,False,False,False,False,0
28014_es,28014,es,"40.4135534,-3.6940264",40.4135534,-3.6940264,MADRID,Madrid,"28014, Centro, Madrid, Comunidad de Madrid, España","structured: {'postalcode': '28014', 'country': 'Spain'} (country=es)",True,False,2026-01-14T18:50:28.697491,OK,1.0,1,False,False,False,False,False,0
28015_es,28015,es,"40.431121,-3.710217",40.431121,-3.710217,MADRID,Madrid,"28015, Chamberí, Madrid, Comunidad de Madrid, España","structured: {'postalcode': '28015', 'country': 'Spain'} (country=es)",True,False,2026-01-14T18:50:29.848425,OK,1.0,1,False,False,False,False,False,0
28017_es,28017,es,"40.4287028,-3.6454205",40.4287028,-3.6454205,MADRID,Madrid,"28017, Ciudad Lineal, Madrid, Comunidad de Madrid, España","structured: {'postalcode': '28017', 'country': 'Spain'} (country=es)",True,False,2026-01-14T18:50:30.850727,OK,1.0,1,False,False,False,False,False,0
28019_es,28019,es,"40.3938392,-3.7176242",40.3938392,-3.7176242,MADRID,Madrid,"28019, Carabanchel, Madrid, Comunidad de Madrid, España","structured: {'postalcode': '28019', 'country': 'Spain'} (country=es)",True,False,2026-01-14T18:50:31.728278,OK,1.0,1,False,False,False,False,False,0
28023_es,28023,es,"40.4549147,-3.784598",40.4549147,-3.784598,MADRID,Madrid,"28023, Moncloa-Aravaca, Madrid, Comunidad de Madrid, España","structured: {'postalcode': '28023', 'country': 'Spain'} (country=es)",True,False,2026-01-14T18:50:32.688337,OK,1.0,1,False,False,False,False,False,0
28029_es,28029,es,"40.4737887,-3.7014159",40.4737887,-3.7014159,MADRID,Madrid,"28029, Tetuán, Madrid, Comunidad de Madrid, España","structured: {'postalcode': '28029', 'country': 'Spain'} (country=es)",True,False,2026-01-14T18:50:33.699888,OK,1.0,1,False,False,False,False,False,0
28031_es,28031,es,"40.3782713,-3.6234266",40.3782713,-3.6234266,MADRID,Madrid,"28031, Villa de Vallecas, Madrid, Comunidad de Madrid, España","structured: {'postalcode': '28031', 'country': 'Spain'} (country=es)",True,False,2026-01-14T18:50:34.764385,OK,1.0,1,False,False,False,False,False,0
28035_es,28035,es,"40.4740608,-3.7217061",40.4740608,-3.7217061,MADRID,Madrid,"28035, Fuencarral-El Pardo, Madrid, Comunidad de Madrid, España","structured: {'postalcode': '28035', 'country': 'Spain'} (country=es)",True,False,2026-01-14T18:50:35.729519,OK,1.0,1,False,False,False,False,False,0
28036_es,28036,es,"40.4702111,-3.6775977",40.4702111,-3.6775977,MADRID,Madrid,"28036, Chamartín, Madrid, Comunidad de Madrid, España","structured: {'postalcode': '28036', 'country': 'Spain'} (country=es)",True,False,2026-01-14T18:50:36.701307,OK,1.0,1,False,False,False,False,False,0
28037_es,28037,es,"40.430079,-3.6237141",40.430079,-3.6237141,MADRID,Madrid,"28037, San Blas - Canillejas, Madrid, Comunidad de Madrid, España","structured: {'postalcode': '28037', 'country': 'Spain'} (country=es)",True,False,2026-01-14T18:50:37.703279,OK,1.0,1,False,False,False,False,False,0
28038_es,28038,es,"40.3978021,-3.659103",40.3978021,-3.659103,MADRID,Madrid,"28038, Puente de Vallecas, Madrid, Comunidad de Madrid, España","structured: {'postalcode': '28038', 'country': 'Spain'} (country=es)",True,False,2026-01-14T18:50:38.721576,OK,1.0,1,False,False,False,False,False,0
28040_es,28040,es,"40.4522992,-3.7205655",40.4522992,-3.7205655,MADRID,Madrid,"28040, Moncloa-Aravaca, Madrid, Comunidad de Madrid, España","structured: {'postalcode': '28040', 'country': 'Spain'} (country=es)",True,False,2026-01-14T18:50:39.683197,OK,1.0,1,False,False,False,False,False,0
28041_es,28041,es,"40.3608862,-3.6978934",40.3608862,-3.6978934,MADRID,Madrid,"28041, Villaverde, Madrid, Comunidad de Madrid, España","structured: {'postalcode': '28041', 'country': 'Spain'} (country=es)",True,False,2026-01-14T18:50:40.688202,OK,1.0,1,False,False,False,False,False,0
28043_es,28043,es,"40.461546,-3.6405769",40.461546,-3.6405769,MADRID,Madrid,"28043, Hortaleza, Madrid, Comunidad de Madrid, España","structured: {'postalcode': '28043', 'country': 'Spain'} (country=es)",True,False,2026-01-14T18:50:41.687862,OK,1.0,1,False,False,False,False,False,0
28044_es,28044,es,"40.3743816,-3.7589622",40.3743816,-3.7589622,MADRID,Madrid,"28044, Carabanchel, Madrid, Comunidad de Madrid, España","structured: {'postalcode': '28044', 'country': 'Spain'} (country=es)",True,False,2026-01-14T18:50:42.699289,OK,1.0,1,False,False,False,False,False,0
28046_es,28046,es,"40.4661676,-3.6855183",40.4661676,-3.6855183,MADRID,Madrid,"28046, Chamartín, Madrid, Comunidad de Madrid, España","structured: {'postalcode': '28046', 'country': 'Spain'} (country=es)",True,False,2026-01-14T18:50:44.633251,OK,1.0,1,False,False,False,False,False,0
28049_es,28049,es,"40.5112736,-3.6989341",40.5112736,-3.6989341,MADRID,Madrid,"28049, Fuencarral-El Pardo, Madrid, Comunidad de Madrid, España","structured: {'postalcode': '28049', 'country': 'Spain'} (country=es)",True,False,2026-01-14T18:50:45.626537,OK,1.0,1,False,False,False,False,False,0
28050_es,28050,es,"40.493105,-3.6619603",40.493105,-3.6619603,MADRID,Madrid,"28050, Hortaleza, Madrid, Comunidad de Madrid, España","structured: {'postalcode': '28050', 'country': 'Spain'} (country=es)",True,False,2026-01-14T18:50:47.633054,OK,1.0,1,False,False,False,False,False,0
28053_es,28053,es,"40.3820812,-3.6680263",40.3820812,-3.6680263,MADRID,Madrid,"28053, Puente de Vallecas, Madrid, Comunidad de Madrid, España","structured: {'postalcode': '28053', 'country': 'Spain'} (country=es)",True,False,2026-01-14T18:50:48.638978,OK,1.0,1,False,False,False,False,False,0
28108_es,28108,es,"40.5278524,-3.6446427",40.5278524,-3.6446427,ALCOBENDAS,Alcobendas,"28108, Alcobendas, Comunidad de Madrid, España","structured: {'postalcode': '28108', 'country': 'Spain'} (country=es)",True,False,2026-01-14T18:50:54.647277,OK,1.0,1,False,False,False,False,False,0
28220_es,28220,es,"40.4690874,-3.8696125",40.4690874,-3.8696125,MAJADAHONDA,Majadahonda,"28220, Majadahonda, Comunidad de Madrid, España","structured: {'postalcode': '28220', 'country': 'Spain'} (country=es)",True,False,2026-01-14T18:50:56.685591,OK,1.0,1,False,False,False,False,False,0
28223_es,28223,es,"40.4326233,-3.8167453",40.4326233,-3.8167453,POZUELO DE ALARCÓN,Pozuelo de Alarcón,"28223, Pozuelo de Alarcón, Comunidad de Madrid, España","structured: {'postalcode': '28223', 'country': 'Spain'} (country=es)",True,False,2026-01-14T18:50:57.647873,OK,1.0,1,False,False,False,False,False,0
28300_es,28300,es,"40.0438553,-3.5942521",40.0438553,-3.5942521,ARANJUEZ,Aranjuez,"28300, Aranjuez, Comunidad de Madrid, España","structured: {'postalcode': '28300', 'country': 'Spain'} (country=es)",True,False,2026-01-14T18:51:05.649186,OK,1.0,1,False,False,False,False,False,0
28400_es,28400,es,"40.6316956,-4.0047003",40.6316956,-4.0047003,COLLADO VILLALBA,Collado Villalba,"28400, La Estación, Collado Villalba, Comunidad de Madrid, España","structured: {'postalcode': '28400', 'country': 'Spain'} (country=es)",True,False,2026-01-14T18:51:06.699818,OK,1.0,1,False,False,False,False,False,0
28670_es,28670,es,"40.3563886,-3.9050834",40.3563886,-3.9050834,VILLAVICIOSA DE ODÓN,Villaviciosa de Odón,"28670, Villaviciosa de Odón, Comunidad de Madrid, España","structured: {'postalcode': '28670', 'country': 'Spain'} (country=es)",True,False,2026-01-14T18:51:09.651280,OK,1.0,1,False,False,False,False,False,0
28709_es,28709,es,"40.5661666,-3.6074547",40.5661666,-3.6074547,SAN SEBASTIAN DE LOS REYES,San Sebastián de los Reyes,"28709, San Sebastián de los Reyes, Comunidad de Madrid, España","structured: {'postalcode': '28709', 'country': 'Spain'} (country=es)",True,False,2026-01-14T18:51:10.653273,OK,1.0,1,False,False,False,False,False,0
28750_es,28750,es,"40.6938315,-3.613383",40.6938315,-3.613383,SAN AGUSTIN DEL GUADALIX,San Agustín del Guadalix,"28750, San Agustín del Guadalix, Comunidad de Madrid, España","structured: {'postalcode': '28750', 'country': 'Spain'} (country=es)",True,False,2026-01-14T18:51:11.650743,OK,1.0,1,False,False,False,False,False,0
28760_es,28760,es,"40.6090454,-3.6936345",40.6090454,-3.6936345,TRES CANTOS,Tres Cantos,"28760, Tres Cantos, Comunidad de Madrid, España","structured: {'postalcode': '28760', 'country': 'Spain'} (country=es)",True,False,2026-01-14T18:51:12.688087,OK,1.0,1,False,False,False,False,False,0
28770_es,28770,es,"40.6595618,-3.7682568",40.6595618,-3.7682568,COLMENAR VIEJO,Colmenar Viejo,"28770, Colmenar Viejo, Comunidad de Madrid, España","structured: {'postalcode': '28770', 'country': 'Spain'} (country=es)",True,False,2026-01-14T18:51:13.671337,OK,1.0,1,False,False,False,False,False,0
28801_es,28801,es,"40.4822046,-3.3662134",40.4822046,-3.3662134,ALCALA DE HENARES,Alcalá de Henares,"28801, Distrito I, Alcalá de Henares, Comunidad de Madrid, España","structured: {'postalcode': '28801', 'country': 'Spain'} (country=es)",True,False,2026-01-14T18:51:14.654633,OK,1.0,1,False,False,False,False,False,0
28805_es,28805,es,"40.5003309,-3.3506959",40.5003309,-3.3506959,ALCALA DE HENARES,Alcalá de Henares,"28805, Distrito V, Alcalá de Henares, Comunidad de Madrid, España","structured: {'postalcode': '28805', 'country': 'Spain'} (country=es)",True,False,2026-01-14T18:51:15.671715,OK,1.0,1,False,False,False,False,False,0
28806_es,28806,es,"40.4986372,-3.372178",40.4986372,-3.372178,ALCALÀ DE HENARES,Alcalá de Henares,"28806, Distrito IV, Alcalá de Henares, Comunidad de Madrid, España","structured: {'postalcode': '28806', 'country': 'Spain'} (country=es)",True,False,2026-01-14T18:51:16.673189,OK,1.0,1,False,False,False,False,False,0
28823_es,28823,es,"40.4297727,-3.5388648",40.4297727,-3.5388648,COSLADA,Coslada,"28823, Coslada, Comunidad de Madrid, España","structured: {'postalcode': '28823', 'country': 'Spain'} (country=es)",True,False,2026-01-14T18:51:17.668278,OK,1.0,1,False,False,False,False,False,0
28830_es,28830,es,"40.4245952,-3.5282631",40.4245952,-3.5282631,SAN FERNANDO DE HENARES,San Fernando de Henares,"28830, San Fernando de Henares, Comunidad de Madrid, España","structured: {'postalcode': '28830', 'country': 'Spain'} (country=es)",True,False,2026-01-14T18:51:18.691317,OK,1.0,1,False,False,False,False,False,0
28850_es,28850,es,"40.4464747,-3.4754929",40.4464747,-3.4754929,TORREJON DE ARDOZ,Torrejón de Ardoz,"28850, Torrejón de Ardoz, Comunidad de Madrid, España","structured: {'postalcode': '28850', 'country': 'Spain'} (country=es)",True,False,2026-01-14T18:51:19.655837,OK,1.0,1,False,False,False,False,False,0
28880_es,28880,es,"40.5523458,-3.326318",40.5523458,-3.326318,MECO,Meco,"28880, Meco, Comunidad de Madrid, España","structured: {'postalcode': '28880', 'country': 'Spain'} (country=es)",True,False,2026-01-14T18:51:23.671279,OK,1.0,1,False,False,False,False,False,0
28906_es,28906,es,"40.3155191,-3.7000597",40.3155191,-3.7000597,GETAFE,Getafe,"28906, Getafe, Comunidad de Madrid, España","structured: {'postalcode': '28906', 'country': 'Spain'} (country=es)",True,False,2026-01-14T18:51:24.671613,OK,1.0,1,False,False,False,False,False,0
28911_es,28911,es,"40.3267915,-3.7691958",40.3267915,-3.7691958,LEGANES,Leganés,"28911, Sur, Leganés, Comunidad de Madrid, España","structured: {'postalcode': '28911', 'country': 'Spain'} (country=es)",True,False,2026-01-14T18:51:25.660237,OK,1.0,1,False,False,False,False,False,0
28919_es,28919,es,"40.3492375,-3.7313988",40.3492375,-3.7313988,LEGANÉS,Leganés,"28919, Leganés, Comunidad de Madrid, España","structured: {'postalcode': '28919', 'country': 'Spain'} (country=es)",True,False,2026-01-14T18:51:26.655618,OK,1.0,1,False,False,False,False,False,0
28921_es,28921,es,"40.3484981,-3.82713",40.3484981,-3.82713,Alcorcón,Alcorcón,"28921, Casco Antiguo, Alcorcón, Comunidad de Madrid, España","structured: {'postalcode': '28921', 'country': 'Spain'} (country=es)",True,False,2026-01-14T18:51:27.632474,OK,1.0,1,False,False,False,False,False,0
28922_es,28922,es,"40.3395446,-3.8337763",40.3395446,-3.8337763,ALCORCON,Alcorcón,"28922, Suroeste, Alcorcón, Comunidad de Madrid, España","structured: {'postalcode': '28922', 'country': 'Spain'} (country=es)",True,False,2026-01-14T18:51:28.660966,OK,1.0,1,False,False,False,False,False,0
28923_es,28923,es,"40.3448853,-3.819468",40.3448853,-3.819468,ALCORCÓN,Alcorcón,"28923, Suroeste, Alcorcón, Comunidad de Madrid, España","structured: {'postalcode': '28923', 'country': 'Spain'} (country=es)",True,False,2026-01-14T18:51:29.706665,OK,1.0,1,False,False,False,False,False,0
28925_es,28925,es,"40.3554887,-3.8063172",40.3554887,-3.8063172,ALCORCÓN,Alcorcón,"28925, Norte, Alcorcón, Comunidad de Madrid, España","structured: {'postalcode': '28925', 'country': 'Spain'} (country=es)",True,False,2026-01-14T18:51:30.676883,OK,1.0,1,False,False,False,False,False,0
28933_es,28933,es,"40.3326548,-3.8680617",40.3326548,-3.8680617,MÓSTOLES,Móstoles,"28933, Móstoles, Comunidad de Madrid, España","structured: {'postalcode': '28933', 'country': 'Spain'} (country=es)",True,False,2026-01-14T18:51:32.650916,OK,1.0,1,False,False,False,False,False,0
28935_es,28935,es,"40.3182623,-3.8955413",40.3182623,-3.8955413,MÓSTOLES,Móstoles,"28935, Móstoles, Comunidad de Madrid, España","structured: {'postalcode': '28935', 'country': 'Spain'} (country=es)",True,False,2026-01-14T18:51:33.675480,OK,1.0,1,False,False,False,False,False,0
28970_es,28970,es,"40.2616524,-3.8219735",40.2616524,-3.8219735,HUMANES DE MADRID,Humanes de Madrid,"28970, Humanes de Madrid, Comunidad de Madrid, España","structured: {'postalcode': '28970', 'country': 'Spain'} (country=es)",True,False,2026-01-14T18:51:35.634915,OK,1.0,1,False,False,False,False,False,0
29006_es,29006,es,"36.7081488,-4.463612",36.7081488,-4.463612,MÁLAGA,Málaga,"29006, Teatinos-Universidad, Málaga, Málaga-Costa del Sol, Málaga, Andalucía, España","structured: {'postalcode': '29006', 'country': 'Spain'} (country=es)",True,False,2026-01-14T18:51:36.647687,OK,1.0,1,False,False,False,False,False,0
29071_es,29071,es,"36.7164013,-4.4772595",36.7164013,-4.4772595,MALAGA,Málaga,"29071, Teatinos-Universidad, Málaga, Málaga-Costa del Sol, Málaga, Andalucía, España","structured: {'postalcode': '29071', 'country': 'Spain'} (country=es)",True,False,2026-01-14T18:52:02.825226,OK,1.0,1,False,False,False,False,False,0
29080_es,29080,es,"36.733204,-4.4412351",36.733204,-4.4412351,Málaga,Málaga,"29080, Bailén-Miraflores, Málaga, Málaga-Costa del Sol, Málaga, Andalucía, España","structured: {'postalcode': '29080', 'country': 'Spain'} (country=es)",True,False,2026-01-14T18:52:03.851183,OK,1.0,1,False,False,False,False,False,0
29200_es,29200,es,"37.018715,-4.5598561",37.018715,-4.5598561,ANTEQUERA,Antequera,"29200, Antequera, Málaga, Andalucía, España","structured: {'postalcode': '29200', 'country': 'Spain'} (country=es)",True,False,2026-01-14T18:52:12.063152,OK,1.0,1,False,False,False,False,False,0
29320_es,29320,es,"37.0461351,-4.861687",37.0461351,-4.861687,Campillos,Campillos,"29320, Campillos, Guadalteba, Málaga, Andalucía, España","structured: {'postalcode': '29320', 'country': 'Spain'} (country=es)",True,False,2026-01-14T18:52:13.024111,OK,1.0,1,False,False,False,False,False,0
29400_es,29400,es,"36.7455743,-5.1645003",36.7455743,-5.1645003,RONDA,Ronda,"29400, Ronda, Serranía de Ronda, Málaga, Andalucía, España","structured: {'postalcode': '29400', 'country': 'Spain'} (country=es)",True,False,2026-01-14T18:52:14.043577,OK,1.0,1,False,False,False,False,False,0
3000456_pt,3000456,pt,"40.2034984,-8.4234102",40.2034984,-8.4234102,COIMBRA,Coimbra,"3000-456, Coimbra (Sé Nova, Santa Cruz, Almedina e São Bartolomeu), Coimbra, Portugal","free-text: 3000-456, Portugal (country=pt)",True,False,2026-01-14T18:52:32.871644,OK,1.0,1,False,False,False,False,False,0
3000548_pt,3000548,pt,"40.2193689,-8.4167538",40.2193689,-8.4167538,COIMBRA,Coimbra,"3000-548, Santo António dos Olivais, Coimbra, Portugal","free-text: 3000-548, Portugal (country=pt)",True,False,2026-01-14T18:52:33.870292,OK,1.0,1,False,False,False,False,False,0
30010_es,30010,es,"37.9705492,-1.13115",37.9705492,-1.13115,MURCIA,Murcia,"30010, Murcia, Área Metropolitana de Murcia, Región de Murcia, España","structured: {'postalcode': '30010', 'country': 'Spain'} (country=es)",True,False,2026-01-14T18:52:34.907534,OK,1.0,1,False,False,False,False,False,0
3004548_pt,3004548,pt,"40.2184824,-8.4156465",40.2184824,-8.4156465,COIMBRA,Coimbra,"3004-548, Santo António dos Olivais, Coimbra, Portugal","free-text: 3004-548, Portugal (country=pt)",True,False,2026-01-14T18:52:47.565565,OK,1.0,1,False,False,False,False,False,0
30107_es,30107,es,"37.9949957,-1.1857496",37.9949957,-1.1857496,MURCIA,Murcia,"30107, Murcia, Área Metropolitana de Murcia, Región de Murcia, España","structured: {'postalcode': '30107', 'country': 'Spain'} (country=es)",True,False,2026-01-14T18:52:53.720351,OK,1.0,1,False,False,False,False,False,0
30130_es,30130,es,"38.042776,-0.9997581",38.042776,-0.9997581,BENIEL,Beniel,"30130, Beniel, Área Metropolitana de Murcia, Región de Murcia, España","structured: {'postalcode': '30130', 'country': 'Spain'} (country=es)",True,False,2026-01-14T18:52:54.675134,OK,1.0,1,False,False,False,False,False,0
30140_es,30140,es,"38.0649568,-1.0497291",38.0649568,-1.0497291,SANTOMERA,Santomera,"30140, Santomera, Área Metropolitana de Murcia, Región de Murcia, España","structured: {'postalcode': '30140', 'country': 'Spain'} (country=es)",True,False,2026-01-14T18:52:55.482067,OK,1.0,1,False,False,False,False,False,0
30169_es,30169,es,"37.9547127,-1.1806466",37.9547127,-1.1806466,MURCIA,Murcia,"30169, Murcia, Área Metropolitana de Murcia, Región de Murcia, España","structured: {'postalcode': '30169', 'country': 'Spain'} (country=es)",True,False,2026-01-14T18:52:57.512676,OK,1.0,1,False,False,False,False,False,0
3030790_pt,3030790,pt,"40.1955436,-8.4129954",40.1955436,-8.4129954,COIMBRA,Coimbra,"3030-790, Santo António dos Olivais, Coimbra, Portugal","free-text: 3030-790, Portugal (country=pt)",True,False,2026-01-14T18:52:58.591205,OK,1.0,1,False,False,False,False,False,0
30353_es,30353,es,"37.6239932,-0.9554746",37.6239932,-0.9554746,CARTAGENA,Cartagena,"30353, El Hondón, Cartagena, Campo de Cartagena y Mar Menor, Región de Murcia, España","structured: {'postalcode': '30353', 'country': 'Spain'} (country=es)",True,False,2026-01-14T18:53:10.501116,OK,1.0,1,False,False,False,False,False,0
30500_es,30500,es,"38.0543386,-1.2099246",38.0543386,-1.2099246,MOLINA DE SEGURA,Molina de Segura,"30500, Molina de Segura, Vega Media del Segura, Región de Murcia, España","structured: {'postalcode': '30500', 'country': 'Spain'} (country=es)",True,False,2026-01-14T18:53:11.512808,OK,1.0,1,False,False,False,False,False,0
30550_es,30550,es,"38.206001,-1.3975334",38.206001,-1.3975334,ABARÁN,Abarán,"30550, Abarán, Vega Alta del Segura, Región de Murcia, España","structured: {'postalcode': '30550', 'country': 'Spain'} (country=es)",True,False,2026-01-14T18:53:12.512572,OK,1.0,1,False,False,False,False,False,0
30564_es,30564,es,"38.0935509,-1.2396244",38.0935509,-1.2396244,LORQUI,Lorquí,"30564, Lorquí, Vega Media del Segura, Región de Murcia, España","structured: {'postalcode': '30564', 'country': 'Spain'} (country=es)",True,False,2026-01-14T18:53:13.617633,OK,1.0,1,False,False,False,False,False,0
30640_es,30640,es,"38.2089869,-1.0406679",38.2089869,-1.0406679,ABANILLA,Abanilla,"30640, Abanilla, Oriental, Región de Murcia, España","structured: {'postalcode': '30640', 'country': 'Spain'} (country=es)",True,False,2026-01-14T18:53:26.233055,OK,1.0,1,False,False,False,False,False,0
30740_es,30740,es,"37.8289337,-0.7810857",37.8289337,-0.7810857,SAN PEDRO DEL PINATAR,San Pedro del Pinatar,"30740, San Pedro del Pinatar, Campo de Cartagena y Mar Menor, Región de Murcia, España","structured: {'postalcode': '30740', 'country': 'Spain'} (country=es)",True,False,2026-01-14T18:53:27.247710,OK,1.0,1,False,False,False,False,False,0
30820_es,30820,es,"37.9718117,-1.2110401",37.9718117,-1.2110401,ALCANTARILLA,Alcantarilla,"30820, Alcantarilla, Área Metropolitana de Murcia, Región de Murcia, España","structured: {'postalcode': '30820', 'country': 'Spain'} (country=es)",True,False,2026-01-14T18:53:29.359291,OK,1.0,1,False,False,False,False,False,0
30840_es,30840,es,"37.8428229,-1.4187511",37.8428229,-1.4187511,Alhama de Murcia,Alhama de Murcia,"30840, Alhama de Murcia, Bajo Guadalentín, Región de Murcia, España","structured: {'postalcode': '30840', 'country': 'Spain'} (country=es)",True,False,2026-01-14T18:53:30.259645,OK,1.0,1,False,False,False,False,False,0
3100516_pt,3100516,pt,"39.9174213,-8.63471",39.9174213,-8.63471,POMBAL,Pombal,"3100-516, Zona Industrial da Formiga, Santorum, Pombal, Leiria, Portugal","free-text: 3100-516, Portugal (country=pt)",True,False,2026-01-14T18:53:31.312525,OK,1.0,1,False,False,False,False,False,0
31132_es,31132,es,"42.6591952,-1.992831",42.6591952,-1.992831,VILLATUERTA,Villatuerta,"31132, Villatuerta, Estellerria, Navarra, Navarra / Nafarroa, España","structured: {'postalcode': '31132', 'country': 'Spain'} (country=es)",True,False,2026-01-14T18:53:42.286702,OK,1.0,1,False,False,False,False,False,0
31160_es,31160,es,"42.8227498,-1.6971574",42.8227498,-1.6971574,ORKOIEN,Orkoien,"31160, Orkoien, Iruñerria, Navarra, Navarra / Nafarroa, España","structured: {'postalcode': '31160', 'country': 'Spain'} (country=es)",True,False,2026-01-14T18:53:44.293327,OK,1.0,1,False,False,False,False,False,0
31261_es,31261,es,"42.3726363,-1.9473364",42.3726363,-1.9473364,ANDOSILLA,Andosilla,"31261, Andosilla, Estellerria, Navarra, Navarra / Nafarroa, España","structured: {'postalcode': '31261', 'country': 'Spain'} (country=es)",True,False,2026-01-14T18:53:48.268279,OK,1.0,1,False,False,False,False,False,0
31263_es,31263,es,"42.5845296,-2.0341361",42.5845296,-2.0341361,DICASTILLO,Dicastillo,"31263, Dicastillo, Estellerria, Navarra, Navarra / Nafarroa, España","structured: {'postalcode': '31263', 'country': 'Spain'} (country=es)",True,False,2026-01-14T18:53:49.263779,OK,1.0,1,False,False,False,False,False,0
31500_es,31500,es,"42.059271,-1.6061524",42.059271,-1.6061524,TUDELA,Tudela,"31500, Tudela, Navarra, Navarra / Nafarroa, España","structured: {'postalcode': '31500', 'country': 'Spain'} (country=es)",True,False,2026-01-14T18:53:52.260428,OK,1.0,1,False,False,False,False,False,0
31540_es,31540,es,"41.969575,-1.4435253",41.969575,-1.4435253,BUÑUEL,Buñuel,"31540, Buñuel, Navarra, Navarra / Nafarroa, España","structured: {'postalcode': '31540', 'country': 'Spain'} (country=es)",True,False,2026-01-14T18:53:53.259283,OK,1.0,1,False,False,False,False,False,0
31570_es,31570,es,"42.3338605,-1.9341947",42.3338605,-1.9341947,SAN ADRIAN,San Adrián,"31570, San Adrián, Estellerria, Navarra, Navarra / Nafarroa, España","structured: {'postalcode': '31570', 'country': 'Spain'} (country=es)",True,False,2026-01-14T18:53:54.276584,OK,1.0,1,False,False,False,False,False,0
31870_es,31870,es,"43.0036677,-1.8951506",43.0036677,-1.8951506,LEKUNBERRI,Lekunberri,"31870, Lekunberri, Larraun-Leitzaldea, Navarra, Navarra / Nafarroa, España","structured: {'postalcode': '31870', 'country': 'Spain'} (country=es)",True,False,2026-01-14T18:53:56.274900,OK,1.0,1,False,False,False,False,False,0
32004_es,32004,es,"42.3433406,-7.8407312",42.3433406,-7.8407312,OURENSE,Ourense,"32004, Ourense, Galicia, España","structured: {'postalcode': '32004', 'country': 'Spain'} (country=es)",True,False,2026-01-14T18:53:57.312713,OK,1.0,1,False,False,False,False,False,0
32710_es,32710,es,"42.3357583,-7.7958315",42.3357583,-7.7958315,O PEREIRO DE AGUIAR,O Pereiro de Aguiar,"32710, Prexigueiró, O Pereiro de Aguiar, Ourense, Galicia, España","structured: {'postalcode': '32710', 'country': 'Spain'} (country=es)",True,False,2026-01-14T18:54:00.343553,OK,1.0,1,False,False,False,False,False,0
32900_es,32900,es,"42.3018206,-7.8099526",42.3018206,-7.8099526,SAN CIBRAO DAS VIÑAS,San Cibrao das Viñas,"32900, Pazos de San Clodio, San Cibrao das Viñas, Ourense, Galicia, España","structured: {'postalcode': '32900', 'country': 'Spain'} (country=es)",True,False,2026-01-14T18:54:01.362793,OK,1.0,1,False,False,False,False,False,0
33006_es,33006,es,"43.356034,-5.8651994",43.356034,-5.8651994,OVIEDO,Oviedo,"33006, El Cristo, Oviedo / Uviéu, Oviedo, Asturias / Asturies, España","structured: {'postalcode': '33006', 'country': 'Spain'} (country=es)",True,False,2026-01-14T18:54:03.401469,OK,1.0,1,False,False,False,False,False,0
33009_es,33009,es,"43.3593011,-5.8440586",43.3593011,-5.8440586,OVIEDO,Oviedo,"33009, Antiguo, Oviedo / Uviéu, Oviedo, Asturias / Asturies, España","structured: {'postalcode': '33009', 'country': 'Spain'} (country=es)",True,False,2026-01-14T18:54:04.341174,OK,1.0,1,False,False,False,False,False,0
33010_es,33010,es,"43.3665386,-5.8311362",43.3665386,-5.8311362,OVIEDO,Oviedo,"33010, Ventanielles, Oviedo / Uviéu, Oviedo, Asturias / Asturies, España","structured: {'postalcode': '33010', 'country': 'Spain'} (country=es)",True,False,2026-01-14T18:54:05.363585,OK,1.0,1,False,False,False,False,False,0
33011_es,33011,es,"43.3746781,-5.8346247",43.3746781,-5.8346247,OVIEDO,Oviedo,"33011, Teatinos, Oviedo / Uviéu, Oviedo, Asturias / Asturies, España","structured: {'postalcode': '33011', 'country': 'Spain'} (country=es)",True,False,2026-01-14T18:54:06.347955,OK,1.0,1,False,False,False,False,False,0
33180_es,33180,es,"43.3929611,-5.703422",43.3929611,-5.703422,Noreña,Noreña,"33180, Noreña, Asturias / Asturies, España","structured: {'postalcode': '33180', 'country': 'Spain'} (country=es)",True,False,2026-01-14T18:54:07.352349,OK,1.0,1,False,False,False,False,False,0
33300_es,33300,es,"43.4821218,-5.4345716",43.4821218,-5.4345716,VILLAVICIOSA,Villaviciosa,"33300, Villaviciosa, Asturias / Asturies, España","structured: {'postalcode': '33300', 'country': 'Spain'} (country=es)",True,False,2026-01-14T18:54:08.378389,OK,1.0,1,False,False,False,False,False,0
33418_es,33418,es,"43.5966532,-5.9258264",43.5966532,-5.9258264,Gozón,Gozón,"33418, Gozón, Asturias / Asturies, España","structured: {'postalcode': '33418', 'country': 'Spain'} (country=es)",True,False,2026-01-14T18:54:14.341366,OK,1.0,1,False,False,False,False,False,0
33420_es,33420,es,"43.4051974,-5.810348",43.4051974,-5.810348,SIERO,Siero,"33420, Lugones / Llugones, Siero, Asturias / Asturies, España","structured: {'postalcode': '33420', 'country': 'Spain'} (country=es)",True,False,2026-01-14T18:54:15.346192,OK,1.0,1,False,False,False,False,False,0
33428_es,33428,es,"43.4229777,-5.8258925",43.4229777,-5.8258925,LLANERA,Llanera,"33428, Llanera, Asturias / Asturies, España","structured: {'postalcode': '33428', 'country': 'Spain'} (country=es)",True,False,2026-01-14T18:54:20.355296,OK,1.0,1,False,False,False,False,False,0
33490_es,33490,es,"43.5574421,-5.916931",43.5574421,-5.916931,AVILÉS,Avilés,"33490, Valliniello / Navarro, Avilés, Asturias / Asturies, España","structured: {'postalcode': '33490', 'country': 'Spain'} (country=es)",True,False,2026-01-14T18:54:21.348835,OK,1.0,1,False,False,False,False,False,0
33710_es,33710,es,"43.5411507,-6.721145",43.5411507,-6.721145,NAVIA,Navia,"33710, Navia, Asturias / Asturies, España","structured: {'postalcode': '33710', 'country': 'Spain'} (country=es)",True,False,2026-01-14T18:54:31.388554,OK,1.0,1,False,False,False,False,False,0
34001_es,34001,es,"42.0108784,-4.532459",42.0108784,-4.532459,PALENCIA,Palencia,"34001, Palencia, Castilla y León, España","structured: {'postalcode': '34001', 'country': 'Spain'} (country=es)",True,False,2026-01-14T18:54:37.343531,OK,1.0,1,False,False,False,False,False,0
34004_es,34004,es,"42.0008503,-4.5211775",42.0008503,-4.5211775,PALENCIA,Palencia,"34004, Palencia, Castilla y León, España","structured: {'postalcode': '34004', 'country': 'Spain'} (country=es)",True,False,2026-01-14T18:54:38.344188,OK,1.0,1,False,False,False,False,False,0
34005_es,34005,es,"42.0076004,-4.5415414",42.0076004,-4.5415414,PALENCIA,Palencia,"34005, Palencia, Castilla y León, España","structured: {'postalcode': '34005', 'country': 'Spain'} (country=es)",True,False,2026-01-14T18:54:39.341945,OK,1.0,1,False,False,False,False,False,0
34200_es,34200,es,"41.9213781,-4.4900458",41.9213781,-4.4900458,VENTA DE BAÑOS,Venta de Baños,"34200, Venta de Baños, Palencia, Castilla y León, España","structured: {'postalcode': '34200', 'country': 'Spain'} (country=es)",True,False,2026-01-14T18:54:45.371175,OK,1.0,1,False,False,False,False,False,0
34800_es,34800,es,"42.7932115,-4.2635595",42.7932115,-4.2635595,AGUILAR DE CAMPOO,Aguilar de Campoo,"34800, Aguilar de Campoo, Palencia, Castilla y León, España","structured: {'postalcode': '34800', 'country': 'Spain'} (country=es)",True,False,2026-01-14T18:54:46.345669,OK,1.0,1,False,False,False,False,False,0
36153_es,36153,es,"42.4080095,-8.6688514",42.4080095,-8.6688514,PONTEVEDRA,Pontevedra,"36153, Lourizán, Pontevedra, Galicia, España","structured: {'postalcode': '36153', 'country': 'Spain'} (country=es)",True,False,2026-01-14T18:54:51.405564,OK,1.0,1,False,False,False,False,False,0
36203_es,36203,es,"42.2286499,-8.7233182",42.2286499,-8.7233182,VIGO,Vigo,"36203, Vigo, Pontevedra, Galicia, España","structured: {'postalcode': '36203', 'country': 'Spain'} (country=es)",True,False,2026-01-14T18:54:55.365621,OK,1.0,1,False,False,False,False,False,0
36204_es,36204,es,"42.2319769,-8.7118607",42.2319769,-8.7118607,VIGO,Vigo,"36204, Vigo, Pontevedra, Galicia, España","structured: {'postalcode': '36204', 'country': 'Spain'} (country=es)",True,False,2026-01-14T18:54:56.033410,OK,1.0,1,False,False,False,False,False,0
36208_es,36208,es,"42.2251011,-8.7407807",42.2251011,-8.7407807,VIGO,Vigo,"36208, Vigo, Pontevedra, Galicia, España","structured: {'postalcode': '36208', 'country': 'Spain'} (country=es)",True,False,2026-01-14T18:54:57.011939,OK,1.0,1,False,False,False,False,False,0
36214_es,36214,es,"42.2193539,-8.6970212",42.2193539,-8.6970212,VIGO,Vigo,"36214, Lavadores, Vigo, Pontevedra, Galicia, España","structured: {'postalcode': '36214', 'country': 'Spain'} (country=es)",True,False,2026-01-14T18:54:58.014986,OK,1.0,1,False,False,False,False,False,0
36310_es,36310,es,"42.1689585,-8.6839669",42.1689585,-8.6839669,VIGO,Vigo,"36310, Zamáns, Vigo, Pontevedra, Galicia, España","structured: {'postalcode': '36310', 'country': 'Spain'} (country=es)",True,False,2026-01-14T18:54:59.016310,OK,1.0,1,False,False,False,False,False,0
36390_es,36390,es,"42.1848879,-8.806287",42.1848879,-8.806287,VIGO,Vigo,"36390, Oia, Vigo, Pontevedra, Galicia, España","structured: {'postalcode': '36390', 'country': 'Spain'} (country=es)",True,False,2026-01-14T18:55:01.028359,OK,1.0,1,False,False,False,False,False,0
36400_es,36400,es,"42.1607542,-8.6204943",42.1607542,-8.6204943,O PORRINO,O Porriño,"36400, O Porriño, Vigo, Pontevedra, Galicia, España","structured: {'postalcode': '36400', 'country': 'Spain'} (country=es)",True,False,2026-01-14T18:55:02.033639,OK,1.0,1,False,False,False,False,False,0
37002_es,37002,es,"40.9664859,-5.6645558",40.9664859,-5.6645558,Salamanca,Salamanca,"37002, Centro, Salamanca, Castilla y León, España","structured: {'postalcode': '37002', 'country': 'Spain'} (country=es)",True,False,2026-01-14T18:55:12.049020,OK,1.0,1,False,False,False,False,False,0
37007_es,37007,es,"40.9682408,-5.6731033",40.9682408,-5.6731033,Salamanca,Salamanca,"37007, San Bernardo, Salamanca, Castilla y León, España","structured: {'postalcode': '37007', 'country': 'Spain'} (country=es)",True,False,2026-01-14T18:55:13.031190,OK,1.0,1,False,False,False,False,False,0
37008_es,37008,es,"40.9519459,-5.6784953",40.9519459,-5.6784953,Salamanca,Salamanca,"37008, Vistahermosa, Salamanca, Castilla y León, España","structured: {'postalcode': '37008', 'country': 'Spain'} (country=es)",True,False,2026-01-14T18:55:14.029184,OK,1.0,1,False,False,False,False,False,0
37185_es,37185,es,"40.9880797,-5.6878996",40.9880797,-5.6878996,VILLAMAYOR,Villamayor,"37185, Villamayor, Salamanca, Castilla y León, España","structured: {'postalcode': '37185', 'country': 'Spain'} (country=es)",True,False,2026-01-14T18:55:15.040831,OK,1.0,1,False,False,False,False,False,0
38003_es,38003,es,"28.4614231,-16.2529497",28.4614231,-16.2529497,SANTA CRUZ DE TENERIFE,Santa Cruz de Tenerife,"38003, Salud-La Salle, Santa Cruz de Tenerife, Canarias, España","structured: {'postalcode': '38003', 'country': 'Spain'} (country=es)",True,False,2026-01-14T18:55:22.109810,OK,1.0,1,False,False,False,False,False,0
3810193_pt,3810193,pt,"40.6311637,-8.6566916",40.6311637,-8.6566916,Aveiro,Aveiro,"3810-193, Glória e Vera Cruz, Aveiro, Portugal","free-text: 3810-193, Portugal (country=pt)",True,False,2026-01-14T18:55:29.081181,OK,1.0,1,False,False,False,False,False,0
39005_es,39005,es,"43.4708726,-3.7928146",43.4708726,-3.7928146,SANTANDER,Santander,"39005, Santander, Cantabria, España","structured: {'postalcode': '39005', 'country': 'Spain'} (country=es)",True,False,2026-01-14T18:55:38.100806,OK,1.0,1,False,False,False,False,False,0
39009_es,39009,es,"43.454515,-3.8169024",43.454515,-3.8169024,SANTANDER,Santander,"39009, Santander, Cantabria, España","structured: {'postalcode': '39009', 'country': 'Spain'} (country=es)",True,False,2026-01-14T18:55:39.110273,OK,1.0,1,False,False,False,False,False,0
39011_es,39011,es,"43.4498533,-3.8538597",43.4498533,-3.8538597,SANTANDER,Santander,"39011, Santander, Cantabria, España","structured: {'postalcode': '39011', 'country': 'Spain'} (country=es)",True,False,2026-01-14T18:55:40.111103,OK,1.0,1,False,False,False,False,False,0
40260_es,40260,es,"41.221326,-4.1785664",41.221326,-4.1785664,FUENTEPELAYO,Fuentepelayo,"40260, Fuentepelayo, Segovia, Castilla y León, España","structured: {'postalcode': '40260', 'country': 'Spain'} (country=es)",True,False,2026-01-14T18:55:45.105510,OK,1.0,1,False,False,False,False,False,0
41007_es,41007,es,"37.3927982,-5.9618279",37.3927982,-5.9618279,SEVILLA,Sevilla,"41007, Distrito San Pablo-Santa Justa, Sevilla, Andalucía, España","structured: {'postalcode': '41007', 'country': 'Spain'} (country=es)",True,False,2026-01-14T18:55:48.121462,OK,1.0,1,False,False,False,False,False,0
41012_es,41012,es,"37.3518563,-5.982631",37.3518563,-5.982631,SEVILLA,Sevilla,"41012, Distrito Bellavista-La Palmera, Sevilla, Andalucía, España","structured: {'postalcode': '41012', 'country': 'Spain'} (country=es)",True,False,2026-01-14T18:55:49.163251,OK,1.0,1,False,False,False,False,False,0
41013_es,41013,es,"37.3647959,-5.9739765",37.3647959,-5.9739765,SEVILLA,Sevilla,"41013, Distrito Sur, Sevilla, Andalucía, España","structured: {'postalcode': '41013', 'country': 'Spain'} (country=es)",True,False,2026-01-14T18:55:50.130838,OK,1.0,1,False,False,False,False,False,0
41015_es,41015,es,"37.4260749,-5.9815549",37.4260749,-5.9815549,SEVILLA,Sevilla,"41015, Distrito Norte, Sevilla, Andalucía, España","structured: {'postalcode': '41015', 'country': 'Spain'} (country=es)",True,False,2026-01-14T18:55:51.102020,OK,1.0,1,False,False,False,False,False,0
41016_es,41016,es,"37.3908727,-5.9275849",37.3908727,-5.9275849,SEVILLA,Sevilla,"41016, Distrito Este-Alcosa-Torreblanca, Sevilla, Andalucía, España","structured: {'postalcode': '41016', 'country': 'Spain'} (country=es)",True,False,2026-01-14T18:55:52.130095,OK,1.0,1,False,False,False,False,False,0
41092_es,41092,es,"37.4008164,-6.0075323",37.4008164,-6.0075323,SEVILLA,Sevilla,"41092, Triana, Sevilla, Andalucía, España","structured: {'postalcode': '41092', 'country': 'Spain'} (country=es)",True,False,2026-01-14T18:55:53.109188,OK,1.0,1,False,False,False,False,False,0
41309_es,41309,es,"37.4699116,-5.9371538",37.4699116,-5.9371538,LA RINCONADA,La Rinconada,"41309, La Rinconada, Sevilla, Andalucía, España","structured: {'postalcode': '41309', 'country': 'Spain'} (country=es)",True,False,2026-01-14T18:55:54.099462,OK,1.0,1,False,False,False,False,False,0
41440_es,41440,es,"37.656556,-5.5201369",37.656556,-5.5201369,LORA DEL RIO,Lora del Río,"41440, Lora del Río, Sevilla, Andalucía, España","structured: {'postalcode': '41440', 'country': 'Spain'} (country=es)",True,False,2026-01-14T18:55:55.103067,OK,1.0,1,False,False,False,False,False,0
41700_es,41700,es,"37.262219,-5.8990709",37.262219,-5.8990709,DOS HERMANAS,Dos Hermanas,"41700, Dos Hermanas, Sevilla, Andalucía, España","structured: {'postalcode': '41700', 'country': 'Spain'} (country=es)",True,False,2026-01-14T18:55:58.113273,OK,1.0,1,False,False,False,False,False,0
41704_es,41704,es,"37.2966852,-5.929912",37.2966852,-5.929912,DOS HERMANAS,Dos Hermanas,"41704, Dos Hermanas, Sevilla, Andalucía, España","structured: {'postalcode': '41704', 'country': 'Spain'} (country=es)",True,False,2026-01-14T18:55:59.101468,OK,1.0,1,False,False,False,False,False,0
41910_es,41910,es,"37.3849362,-6.037125",37.3849362,-6.037125,CAMAS,Camas,"41910, Camas, Sevilla, Andalucía, España","structured: {'postalcode': '41910', 'country': 'Spain'} (country=es)",True,False,2026-01-14T18:56:00.105263,OK,1.0,1,False,False,False,False,False,0
42100_es,42100,es,"41.8412484,-1.9347061",41.8412484,-1.9347061,AGREDA,Ágreda,"42100, Ágreda, Soria, Castilla y León, España","structured: {'postalcode': '42100', 'country': 'Spain'} (country=es)",True,False,2026-01-14T18:56:14.097786,OK,1.0,1,False,False,False,False,False,0
43001_es,43001,es,"41.1153296,1.2488661",41.1153296,1.2488661,TARRAGONA,Tarragona,"43001, Tarragona, Tarragonès, Tarragona, Catalunya, España","structured: {'postalcode': '43001', 'country': 'Spain'} (country=es)",True,False,2026-01-14T18:56:15.107805,OK,1.0,1,False,False,False,False,False,0
43006_es,43006,es,"41.1204473,1.2154819",41.1204473,1.2154819,TARRAGONA,Tarragona,"43006, Tarragona, Tarragonès, Tarragona, Catalunya, España","structured: {'postalcode': '43006', 'country': 'Spain'} (country=es)",True,False,2026-01-14T18:56:16.120255,OK,1.0,1,False,False,False,False,False,0
43007_es,43007,es,"41.1317813,1.2675245",41.1317813,1.2675245,TARRAGONA,Tarragona,"43007, Tarragona, Tarragonès, Tarragona, Catalunya, España","structured: {'postalcode': '43007', 'country': 'Spain'} (country=es)",True,False,2026-01-14T18:56:17.117677,OK,1.0,1,False,False,False,False,False,0
43110_es,43110,es,"41.1245622,1.1777799",41.1245622,1.1777799,LA CANONJA,la Canonja,"43110, la Canonja, Tarragonès, Tarragona, Catalunya, España","structured: {'postalcode': '43110', 'country': 'Spain'} (country=es)",True,False,2026-01-14T18:56:21.119529,OK,1.0,1,False,False,False,False,False,0
43120_es,43120,es,"41.1549338,1.1876976",41.1549338,1.1876976,CONSTANTI,Constantí,"43120, Constantí, Tarragonès, Tarragona, Catalunya, España","structured: {'postalcode': '43120', 'country': 'Spain'} (country=es)",True,False,2026-01-14T18:56:22.166903,OK,1.0,1,False,False,False,False,False,0
43201_es,43201,es,"41.1553789,1.1108061",41.1553789,1.1108061,REUS,Reus,"43201, Reus, Baix Camp, Tarragona, Catalunya, España","structured: {'postalcode': '43201', 'country': 'Spain'} (country=es)",True,False,2026-01-14T18:56:24.156651,OK,1.0,1,False,False,False,False,False,0
43204_es,43204,es,"41.1526781,1.1168309",41.1526781,1.1168309,REUS,Reus,"43204, Reus, Baix Camp, Tarragona, Catalunya, España","structured: {'postalcode': '43204', 'country': 'Spain'} (country=es)",True,False,2026-01-14T18:56:25.147725,OK,1.0,1,False,False,False,False,False,0
43206_es,43206,es,"41.1572609,1.096757",41.1572609,1.096757,REUS,Reus,"43206, Reus, Baix Camp, Tarragona, Catalunya, España","structured: {'postalcode': '43206', 'country': 'Spain'} (country=es)",True,False,2026-01-14T18:56:26.147606,OK,1.0,1,False,False,False,False,False,0
43460_es,43460,es,"41.2627327,1.1641333",41.2627327,1.1641333,ALCOVER,Alcover,"43460, Alcover, Alt Camp, Tarragona, Catalunya, España","structured: {'postalcode': '43460', 'country': 'Spain'} (country=es)",True,False,2026-01-14T18:56:27.223374,OK,1.0,1,False,False,False,False,False,0
43500_es,43500,es,"40.8127292,0.5219061",40.8127292,0.5219061,TORTOSA,Tortosa,"43500, Tortosa, Baix Ebre, Tarragona, Catalunya, España","structured: {'postalcode': '43500', 'country': 'Spain'} (country=es)",True,False,2026-01-14T18:56:28.164059,OK,1.0,1,False,False,False,False,False,0
43711_es,43711,es,"41.2791699,1.5818025",41.2791699,1.5818025,BANYERES DEL PENEDES,Banyeres del Penedès,"43711, Banyeres del Penedès, Baix Penedès, Tarragona, Catalunya, España","structured: {'postalcode': '43711', 'country': 'Spain'} (country=es)",True,False,2026-01-14T18:56:30.165872,OK,1.0,1,False,False,False,False,False,0
43800_es,43800,es,"41.2973634,1.2422653",41.2973634,1.2422653,VALLS,Valls,"43800, Valls, Alt Camp, Tarragona, Catalunya, España","structured: {'postalcode': '43800', 'country': 'Spain'} (country=es)",True,False,2026-01-14T18:56:31.162935,OK,1.0,1,False,False,False,False,False,0
43896_es,43896,es,"40.7465461,0.6181148",40.7465461,0.6181148,L'Aldea,l'Aldea,"43896, l'Aldea, Baix Ebre, Tarragona, Catalunya, España","structured: {'postalcode': '43896', 'country': 'Spain'} (country=es)",True,False,2026-01-14T18:56:32.149894,OK,1.0,1,False,False,False,False,False,0
43897_es,43897,es,"40.76204,0.5550936",40.76204,0.5550936,TORTOSA,Tortosa,"43897, Tortosa, Baix Ebre, Tarragona, Catalunya, España","structured: {'postalcode': '43897', 'country': 'Spain'} (country=es)",True,False,2026-01-14T18:56:33.148837,OK,1.0,1,False,False,False,False,False,0
44195_es,44195,es,"40.3647675,-1.1494794",40.3647675,-1.1494794,TERUEL,Teruel,"44195, Teruel, Comunidad de Teruel, Teruel, Aragón, España","structured: {'postalcode': '44195', 'country': 'Spain'} (country=es)",True,False,2026-01-14T18:56:41.152808,OK,1.0,1,False,False,False,False,False,0
44547_es,44547,es,"41.0467876,-0.5836836",41.0467876,-0.5836836,Ariño,Ariño,"44547, Ariño, Andorra-Sierra de Arcos, Teruel, Aragón, España","structured: {'postalcode': '44547', 'country': 'Spain'} (country=es)",True,False,2026-01-14T18:56:53.153134,OK,1.0,1,False,False,False,False,False,0
44600_es,44600,es,"41.0514974,-0.1363333",41.0514974,-0.1363333,ALCANIZ,Alcañiz,"44600, Alcañiz, Bajo Aragón, Teruel, Aragón, España","structured: {'postalcode': '44600', 'country': 'Spain'} (country=es)",True,False,2026-01-14T18:56:54.159811,OK,1.0,1,False,False,False,False,False,0
44760_es,44760,es,"40.8134058,-0.8501505",40.8134058,-0.8501505,UTRILLAS,Utrillas,"44760, Utrillas, Cuencas Mineras, Teruel, Aragón, España","structured: {'postalcode': '44760', 'country': 'Spain'} (country=es)",True,False,2026-01-14T18:57:05.166210,OK,1.0,1,False,False,False,False,False,0
45003_es,45003,es,"39.8673836,-4.0240478",39.8673836,-4.0240478,TOLEDO,Toledo,"45003, Toledo, Castilla-La Mancha, España","structured: {'postalcode': '45003', 'country': 'Spain'} (country=es)",True,False,2026-01-14T18:57:06.150223,OK,1.0,1,False,False,False,False,False,0
45007_es,45007,es,"39.8686926,-3.9406337",39.8686926,-3.9406337,TOLEDO,Toledo,"45007, Toledo, Castilla-La Mancha, España","structured: {'postalcode': '45007', 'country': 'Spain'} (country=es)",True,False,2026-01-14T18:57:07.212670,OK,1.0,1,False,False,False,False,False,0
45310_es,45310,es,"39.9007004,-3.3241276",39.9007004,-3.3241276,VILLATOBAS,Villatobas,"45310, Villatobas, Toledo, Castilla-La Mancha, España","structured: {'postalcode': '45310', 'country': 'Spain'} (country=es)",True,False,2026-01-14T18:57:08.154793,OK,1.0,1,False,False,False,False,False,0
45600_es,45600,es,"39.9636152,-4.8225355",39.9636152,-4.8225355,TALAVERA DE LA REINA,Talavera de la Reina,"45600, Talavera de la Reina, Toledo, Castilla-La Mancha, España","structured: {'postalcode': '45600', 'country': 'Spain'} (country=es)",True,False,2026-01-14T18:57:15.167471,OK,1.0,1,False,False,False,False,False,0
46001_es,46001,es,"39.4732814,-0.3782617",39.4732814,-0.3782617,VALENCIA,València,"46001, Ciutat Vella, València, Comarca de València, València / Valencia, Comunitat Valenciana, España","structured: {'postalcode': '46001', 'country': 'Spain'} (country=es)",True,False,2026-01-14T18:57:16.169078,OK,1.0,1,False,False,False,False,False,0
46003_es,46003,es,"39.477675,-0.3772169",39.477675,-0.3772169,VALENCIA,València,"46003, Ciutat Vella, València, Comarca de València, València / Valencia, Comunitat Valenciana, España","structured: {'postalcode': '46003', 'country': 'Spain'} (country=es)",True,False,2026-01-14T18:57:17.164811,OK,1.0,1,False,False,False,False,False,0
46010_es,46010,es,"39.4816956,-0.3659889",39.4816956,-0.3659889,VALENCIA,València,"46010, la Saïdia, València, Comarca de València, València / Valencia, Comunitat Valenciana, España","structured: {'postalcode': '46010', 'country': 'Spain'} (country=es)",True,False,2026-01-14T18:57:19.175007,OK,1.0,1,False,False,False,False,False,0
46014_es,46014,es,"39.4635435,-0.4032645",39.4635435,-0.4032645,VALENCIA,València,"46014, València, Comarca de València, València / Valencia, Comunitat Valenciana, España","structured: {'postalcode': '46014', 'country': 'Spain'} (country=es)",True,False,2026-01-14T18:57:20.165201,OK,1.0,1,False,False,False,False,False,0
46020_es,46020,es,"39.4862514,-0.3596832",39.4862514,-0.3596832,VALENCIA,València,"46020, Benimaclet, València, Comarca de València, València / Valencia, Comunitat Valenciana, España","structured: {'postalcode': '46020', 'country': 'Spain'} (country=es)",True,False,2026-01-14T18:57:21.174193,OK,1.0,1,False,False,False,False,False,0
46022_es,46022,es,"39.4754776,-0.3404901",39.4754776,-0.3404901,VALENCIA,València,"46022, Algirós, València, Comarca de València, València / Valencia, Comunitat Valenciana, España","structured: {'postalcode': '46022', 'country': 'Spain'} (country=es)",True,False,2026-01-14T18:57:22.156846,OK,1.0,1,False,False,False,False,False,0
46024_es,46024,es,"39.4532977,-0.3360452",39.4532977,-0.3360452,VALENCIA,València,"46024, Quatre Carreres, València, Comarca de València, València / Valencia, Comunitat Valenciana, España","structured: {'postalcode': '46024', 'country': 'Spain'} (country=es)",True,False,2026-01-14T18:57:23.164627,OK,1.0,1,False,False,False,False,False,0
46026_es,46026,es,"39.4475836,-0.3780023",39.4475836,-0.3780023,VALENCIA,València,"46026, Quatre Carreres, València, Comarca de València, València / Valencia, Comunitat Valenciana, España","structured: {'postalcode': '46026', 'country': 'Spain'} (country=es)",True,False,2026-01-14T18:57:24.148317,OK,1.0,1,False,False,False,False,False,0
46100_es,46100,es,"39.5133851,-0.4123554",39.5133851,-0.4123554,BURJASSOT,Burjassot,"46100, Burjassot, l'Horta Nord, València / Valencia, Comunitat Valenciana, España","structured: {'postalcode': '46100', 'country': 'Spain'} (country=es)",True,False,2026-01-14T18:57:25.163277,OK,1.0,1,False,False,False,False,False,0
46160_es,46160,es,"39.6331348,-0.5937991",39.6331348,-0.5937991,LLIRIA,Llíria,"46160, Llíria, el Camp de Túria, València / Valencia, Comunitat Valenciana, España","structured: {'postalcode': '46160', 'country': 'Spain'} (country=es)",True,False,2026-01-14T18:57:27.153135,OK,1.0,1,False,False,False,False,False,0
46185_es,46185,es,"39.5988035,-0.5366056",39.5988035,-0.5366056,LA POBLA DE VALLBONA,la Pobla de Vallbona,"46185, la Pobla de Vallbona, el Camp de Túria, València / Valencia, Comunitat Valenciana, España","structured: {'postalcode': '46185', 'country': 'Spain'} (country=es)",True,False,2026-01-14T18:57:28.105533,OK,1.0,1,False,False,False,False,False,0
46200_es,46200,es,"39.4272908,-0.416981",39.4272908,-0.416981,PAIPORTA,Paiporta,"46200, Paiporta, l'Horta Sud, València / Valencia, Comunitat Valenciana, España","structured: {'postalcode': '46200', 'country': 'Spain'} (country=es)",True,False,2026-01-14T18:57:29.104672,OK,1.0,1,False,False,False,False,False,0
46240_es,46240,es,"39.228486,-0.5078581",39.228486,-0.5078581,CARLET,Carlet,"46240, Carlet, la Ribera Alta, València / Valencia, Comunitat Valenciana, España","structured: {'postalcode': '46240', 'country': 'Spain'} (country=es)",True,False,2026-01-14T18:57:30.097001,OK,1.0,1,False,False,False,False,False,0
46250_es,46250,es,"39.1960408,-0.5060959",39.1960408,-0.5060959,L'ALCUDIA,l'Alcúdia,"46250, l'Alcúdia, la Ribera Alta, València / Valencia, Comunitat Valenciana, España","structured: {'postalcode': '46250', 'country': 'Spain'} (country=es)",True,False,2026-01-14T18:57:31.105679,OK,1.0,1,False,False,False,False,False,0
46340_es,46340,es,"39.488354,-1.1029915",39.488354,-1.1029915,REQUENA,Requena,"46340, Requena, La Plana de Utiel-Requena, València / Valencia, Comunitat Valenciana, España","structured: {'postalcode': '46340', 'country': 'Spain'} (country=es)",True,False,2026-01-14T18:57:32.102284,OK,1.0,1,False,False,False,False,False,0
46380_es,46380,es,"39.4963064,-0.6815146",39.4963064,-0.6815146,CHESTE,Cheste,"46380, Cheste, La Hoya de Buñol, València / Valencia, Comunitat Valenciana, España","structured: {'postalcode': '46380', 'country': 'Spain'} (country=es)",True,False,2026-01-14T18:57:33.114289,OK,1.0,1,False,False,False,False,False,0
46410_es,46410,es,"39.2192604,-0.2942582",39.2192604,-0.2942582,SUECA,Sueca,"46410, Sueca, la Ribera Baixa, València / Valencia, Comunitat Valenciana, España","structured: {'postalcode': '46410', 'country': 'Spain'} (country=es)",True,False,2026-01-14T18:57:34.158190,OK,1.0,1,False,False,False,False,False,0
46440_es,46440,es,"39.3018788,-0.4171431",39.3018788,-0.4171431,Almussafes,Almussafes,"46440, Almussafes, la Ribera Baixa, València / Valencia, Comunitat Valenciana, España","structured: {'postalcode': '46440', 'country': 'Spain'} (country=es)",True,False,2026-01-14T18:57:35.145946,OK,1.0,1,False,False,False,False,False,0
46450_es,46450,es,"39.2860358,-0.4294294",39.2860358,-0.4294294,BENIFAIÓ,Benifaió,"46450, Benifaió, la Ribera Alta, València / Valencia, Comunitat Valenciana, España","structured: {'postalcode': '46450', 'country': 'Spain'} (country=es)",True,False,2026-01-14T18:57:36.148389,OK,1.0,1,False,False,False,False,False,0
46740_es,46740,es,"39.1203936,-0.445309",39.1203936,-0.445309,CARCAIXENT,Carcaixent,"46740, Carcaixent, la Ribera Alta, València / Valencia, Comunitat Valenciana, España","structured: {'postalcode': '46740', 'country': 'Spain'} (country=es)",True,False,2026-01-14T18:57:38.144674,OK,1.0,1,False,False,False,False,False,0
46900_es,46900,es,"39.4349417,-0.4695639",39.4349417,-0.4695639,TORRENT,Torrent,"46900, Torrent, l'Horta Sud, València / Valencia, Comunitat Valenciana, España","structured: {'postalcode': '46900', 'country': 'Spain'} (country=es)",True,False,2026-01-14T18:57:39.149266,OK,1.0,1,False,False,False,False,False,0
46980_es,46980,es,"39.5266814,-0.4470774",39.5266814,-0.4470774,PATERNA,Paterna,"46980, Paterna, l'Horta Nord, València / Valencia, Comunitat Valenciana, España","structured: {'postalcode': '46980', 'country': 'Spain'} (country=es)",True,False,2026-01-14T18:57:40.166089,OK,1.0,1,False,False,False,False,False,0
46988_es,46988,es,"39.5124066,-0.454266",39.5124066,-0.454266,PATERNA,Paterna,"46988, Paterna, l'Horta Nord, València / Valencia, Comunitat Valenciana, España","structured: {'postalcode': '46988', 'country': 'Spain'} (country=es)",True,False,2026-01-14T18:57:41.142726,OK,1.0,1,False,False,False,False,False,0
47001_es,47001,es,"41.6497198,-4.7198748",41.6497198,-4.7198748,VALLADOLID,Valladolid,"47001, Plaza España, Valladolid, Castilla y León, España","structured: {'postalcode': '47001', 'country': 'Spain'} (country=es)",True,False,2026-01-14T18:57:42.151033,OK,1.0,1,False,False,False,False,False,0
47003_es,47003,es,"41.655484,-4.7258391",41.655484,-4.7258391,VALLADOLID,Valladolid,"47003, San Pablo - San Nicolás, Valladolid, Castilla y León, España","structured: {'postalcode': '47003', 'country': 'Spain'} (country=es)",True,False,2026-01-14T18:57:43.197292,OK,1.0,1,False,False,False,False,False,0
47008_es,47008,es,"41.6178523,-4.7506471",41.6178523,-4.7506471,VALLADOLID,Valladolid,"47008, Parque Alameda - Paula López, Valladolid, Castilla y León, España","structured: {'postalcode': '47008', 'country': 'Spain'} (country=es)",True,False,2026-01-14T18:57:45.161787,OK,1.0,1,False,False,False,False,False,0
47009_es,47009,es,"41.6701513,-4.7362294",41.6701513,-4.7362294,VALLADOLID,Valladolid,"47009, La Victoria, Valladolid, Castilla y León, España","structured: {'postalcode': '47009', 'country': 'Spain'} (country=es)",True,False,2026-01-14T18:57:46.153308,OK,1.0,1,False,False,False,False,False,0
47011_es,47011,es,"41.6609527,-4.7073868",41.6609527,-4.7073868,VALLADOLID,Valladolid,"47011, Belén - Pilarica, Valladolid, Castilla y León, España","structured: {'postalcode': '47011', 'country': 'Spain'} (country=es)",True,False,2026-01-14T18:57:47.152817,OK,1.0,1,False,False,False,False,False,0
47012_es,47012,es,"41.6349618,-4.706969",41.6349618,-4.706969,VALLADOLID,Valladolid,"47012, Delicias - Canterac, Valladolid, Castilla y León, España","structured: {'postalcode': '47012', 'country': 'Spain'} (country=es)",True,False,2026-01-14T18:57:48.146851,OK,1.0,1,False,False,False,False,False,0
47071_es,47071,es,"41.6982153,-4.7101383",41.6982153,-4.7101383,VALLADOLID,Valladolid,"47071, Valladolid, Castilla y León, España","structured: {'postalcode': '47071', 'country': 'Spain'} (country=es)",True,False,2026-01-14T18:57:49.214291,OK,1.0,1,False,False,False,False,False,0
4710057_pt,4710057,pt,"41.5617315,-8.394725",41.5617315,-8.394725,Braga,Braga,"4710-057, Gualtar, Braga, Portugal","free-text: 4710-057, Portugal (country=pt)",True,False,2026-01-14T18:57:50.159331,OK,1.0,1,False,False,False,False,False,0
47111_es,47111,es,"41.5490943,-5.1392555",41.5490943,-5.1392555,VILLALAR DE LOS COMUNEROS,Villalar de los Comuneros,"47111, Villalar de los Comuneros, Valladolid, Castilla y León, España","structured: {'postalcode': '47111', 'country': 'Spain'} (country=es)",True,False,2026-01-14T18:57:51.173218,OK,1.0,1,False,False,False,False,False,0
47151_es,47151,es,"41.5344396,-4.70703",41.5344396,-4.70703,BOECILLO,Boecillo,"47151, Boecillo, Valladolid, Castilla y León, España","structured: {'postalcode': '47151', 'country': 'Spain'} (country=es)",True,False,2026-01-14T18:57:56.163276,OK,1.0,1,False,False,False,False,False,0
47410_es,47410,es,"41.2882823,-4.6830176",41.2882823,-4.6830176,Olmedo,Olmedo,"47410, Olmedo, Valladolid, Castilla y León, España","structured: {'postalcode': '47410', 'country': 'Spain'} (country=es)",True,False,2026-01-14T18:58:02.318276,OK,1.0,1,False,False,False,False,False,0
47515_es,47515,es,"41.5406814,-4.6993793",41.5406814,-4.6993793,BOECILLO,Boecillo,"Boecillo, Valladolid, Castilla y León, 47151, España","free-text: 47515 BOECILLO, Spain (country=es)",True,False,2026-01-14T18:58:11.403186,OK,1.0,1,False,False,False,False,False,0
48012_es,48012,es,"43.2550133,-2.9399015",43.2550133,-2.9399015,BILBAO,Bilbao,"48012, Errekalde, Bilbao, Bizkaia, Euskadi, España","structured: {'postalcode': '48012', 'country': 'Spain'} (country=es)",True,False,2026-01-14T18:58:23.277988,OK,1.0,1,False,False,False,False,False,0
48013_es,48013,es,"43.2685543,-2.962015",43.2685543,-2.962015,BILBAO,Bilbao,"48013, Deusto, Bilbao, Bizkaia, Euskadi, España","structured: {'postalcode': '48013', 'country': 'Spain'} (country=es)",True,False,2026-01-14T18:58:24.289133,OK,1.0,1,False,False,False,False,False,0
48160_es,48160,es,"43.2970979,-2.8826703",43.2970979,-2.8826703,DERIO,Derio,"48160, Derio, Bizkaia, Euskadi, España","structured: {'postalcode': '48160', 'country': 'Spain'} (country=es)",True,False,2026-01-14T18:58:25.302699,OK,1.0,1,False,False,False,False,False,0
48170_es,48170,es,"43.290456,-2.8653461",43.290456,-2.8653461,ZAMUDIO,Zamudio,"48170, Zamudio, Bizkaia, Euskadi, España","structured: {'postalcode': '48170', 'country': 'Spain'} (country=es)",True,False,2026-01-14T18:58:26.273369,OK,1.0,1,False,False,False,False,False,0
48360_es,48360,es,"43.4072059,-2.6996059",43.4072059,-2.6996059,MUNDAKA,Mundaka,"48360, Mundaka, Bizkaia, Euskadi, España","structured: {'postalcode': '48360', 'country': 'Spain'} (country=es)",True,False,2026-01-14T18:58:28.280553,OK,1.0,1,False,False,False,False,False,0
48395_es,48395,es,"43.3945651,-2.6981421",43.3945651,-2.6981421,SUKARRIETA,Sukarrieta,"48395, Sukarrieta, Bizkaia, Euskadi, España","structured: {'postalcode': '48395', 'country': 'Spain'} (country=es)",True,False,2026-01-14T18:58:29.278277,OK,1.0,1,False,False,False,False,False,0
48450_es,48450,es,"43.2486938,-2.8903229",43.2486938,-2.8903229,ETXEBARRI,Etxebarri,"48450, Etxebarri, Bizkaia, Euskadi, España","structured: {'postalcode': '48450', 'country': 'Spain'} (country=es)",True,False,2026-01-14T18:58:30.291035,OK,1.0,1,False,False,False,False,False,0
48508_es,48508,es,"43.3496278,-3.1051408",43.3496278,-3.1051408,ZIERBENA,Zierbena,"48508, Zierbena, Bizkaia, Euskadi, España","structured: {'postalcode': '48508', 'country': 'Spain'} (country=es)",True,False,2026-01-14T18:58:31.283682,OK,1.0,1,False,False,False,False,False,0
48903_es,48903,es,"43.2816073,-2.9875489",43.2816073,-2.9875489,BARAKALDO,Barakaldo,"48903, Barakaldo, Bizkaia, Euskadi, España","structured: {'postalcode': '48903', 'country': 'Spain'} (country=es)",True,False,2026-01-14T18:58:32.347593,OK,1.0,1,False,False,False,False,False,0
48940_es,48940,es,"43.3276989,-2.9898676",43.3276989,-2.9898676,LEIOA,Leioa,"48940, Leioa, Bizkaia, Euskadi, España","structured: {'postalcode': '48940', 'country': 'Spain'} (country=es)",True,False,2026-01-14T18:58:33.277941,OK,1.0,1,False,False,False,False,False,0
48950_es,48950,es,"43.3100524,-2.9752311",43.3100524,-2.9752311,ERANDIO,Erandio,"48950, Erandio, Bizkaia, Euskadi, España","structured: {'postalcode': '48950', 'country': 'Spain'} (country=es)",True,False,2026-01-14T18:58:34.274908,OK,1.0,1,False,False,False,False,False,0
48980_es,48980,es,"43.3297421,-3.0350887",43.3297421,-3.0350887,SANTURTZI,Santurtzi,"48980, Santurtzi, Bizkaia, Euskadi, España","structured: {'postalcode': '48980', 'country': 'Spain'} (country=es)",True,False,2026-01-14T18:58:35.272614,OK,1.0,1,False,False,False,False,False,0
48992_es,48992,es,"43.3436762,-3.005449",43.3436762,-3.005449,GETXO,Getxo,"48992, Getxo, Bizkaia, Euskadi, España","structured: {'postalcode': '48992', 'country': 'Spain'} (country=es)",True,False,2026-01-14T18:58:36.279961,OK,1.0,1,False,False,False,False,False,0
49690_es,49690,es,"42.0472581,-5.6350137",42.0472581,-5.6350137,SAN CRISTOBAL DE ENTREVIÑAS,San Cristóbal de Entreviñas,"49690, San Cristóbal de Entreviñas, Zamora, Castilla y León, España","structured: {'postalcode': '49690', 'country': 'Spain'} (country=es)",True,False,2026-01-14T18:58:37.287244,OK,1.0,1,False,False,False,False,False,0
49800_es,49800,es,"41.5131649,-5.4314591",41.5131649,-5.4314591,TORO,Toro,"49800, Toro, Zamora, Castilla y León, España","structured: {'postalcode': '49800', 'country': 'Spain'} (country=es)",True,False,2026-01-14T18:58:38.279747,OK,1.0,1,False,False,False,False,False,0
50002_es,50002,es,"41.6485828,-0.8667161",41.6485828,-0.8667161,ZARAGOZA,Zaragoza,"50002, Las Fuentes, Zaragoza, Aragón, España","structured: {'postalcode': '50002', 'country': 'Spain'} (country=es)",True,False,2026-01-14T18:58:43.302874,OK,1.0,1,False,False,False,False,False,0
50007_es,50007,es,"41.6301311,-0.8822385",41.6301311,-0.8822385,ZARAGOZA,Zaragoza,"50007, Torrero-La Paz, Zaragoza, Aragón, España","structured: {'postalcode': '50007', 'country': 'Spain'} (country=es)",True,False,2026-01-14T18:58:44.272584,OK,1.0,1,False,False,False,False,False,0
50009_es,50009,es,"41.6406873,-0.9046484",41.6406873,-0.9046484,ZARAGOZA,Zaragoza,"50009, Universidad, Zaragoza, Aragón, España","structured: {'postalcode': '50009', 'country': 'Spain'} (country=es)",True,False,2026-01-14T18:58:45.288296,OK,1.0,1,False,False,False,False,False,0
50011_es,50011,es,"41.6565325,-0.9302427",41.6565325,-0.9302427,ZARAGOZA,Zaragoza,"50011, Miralbueno, Zaragoza, Aragón, España","structured: {'postalcode': '50011', 'country': 'Spain'} (country=es)",True,False,2026-01-14T18:58:46.276125,OK,1.0,1,False,False,False,False,False,0
50013_es,50013,es,"41.6407254,-0.8686797",41.6407254,-0.8686797,ZARAGOZA,Zaragoza,"50013, San José, Zaragoza, Aragón, España","structured: {'postalcode': '50013', 'country': 'Spain'} (country=es)",True,False,2026-01-14T18:58:47.275138,OK,1.0,1,False,False,False,False,False,0
50016_es,50016,es,"41.6687434,-0.8293089",41.6687434,-0.8293089,ZARAGOZA,Zaragoza,"50016, Santa Isabel, Zaragoza, Aragón, España","structured: {'postalcode': '50016', 'country': 'Spain'} (country=es)",True,False,2026-01-14T18:58:48.276165,OK,1.0,1,False,False,False,False,False,0
50018_es,50018,es,"41.6739484,-0.8879141",41.6739484,-0.8879141,ZARAGOZA,Zaragoza,"50018, Actur-Rey Fernando, Zaragoza, Aragón, España","structured: {'postalcode': '50018', 'country': 'Spain'} (country=es)",True,False,2026-01-14T18:58:49.276693,OK,1.0,1,False,False,False,False,False,0
50057_es,50057,es,"41.6494075,-0.776284",41.6494075,-0.776284,ZARAGOZA,Zaragoza,"50057, Santa Isabel, Zaragoza, Aragón, España","structured: {'postalcode': '50057', 'country': 'Spain'} (country=es)",True,False,2026-01-14T18:58:50.285481,OK,1.0,1,False,False,False,False,False,0
50071_es,50071,es,"41.6486661,-0.9814889",41.6486661,-0.9814889,ZARAGOZA,Zaragoza,"50071, Garrapinillos, Distrito Rural, Zaragoza, Aragón, España","structured: {'postalcode': '50071', 'country': 'Spain'} (country=es)",True,False,2026-01-14T18:58:51.277207,OK,1.0,1,False,False,False,False,False,0
50197_es,50197,es,"41.6415165,-0.9876044",41.6415165,-0.9876044,ZARAGOZA,Zaragoza,"50197, Garrapinillos, Distrito Rural, Zaragoza, Aragón, España","structured: {'postalcode': '50197', 'country': 'Spain'} (country=es)",True,False,2026-01-14T18:58:52.279155,OK,1.0,1,False,False,False,False,False,0
50360_es,50360,es,"41.1111785,-1.4099077",41.1111785,-1.4099077,DAROCA,Daroca,"50360, Daroca, Campo de Daroca, Zaragoza, Aragón, España","structured: {'postalcode': '50360', 'country': 'Spain'} (country=es)",True,False,2026-01-14T18:58:56.333278,OK,1.0,1,False,False,False,False,False,0
50410_es,50410,es,"41.5884011,-0.9410882",41.5884011,-0.9410882,CUARTE DE HUERVA,Cuarte de Huerva,"50410, Cuarte de Huerva, Zaragoza, Aragón, España","structured: {'postalcode': '50410', 'country': 'Spain'} (country=es)",True,False,2026-01-14T18:58:57.381244,OK,1.0,1,False,False,False,False,False,0
50720_es,50720,es,"41.6056034,-0.8259593",41.6056034,-0.8259593,ZARAGOZA,Zaragoza,"50720, Distrito Rural, Zaragoza, Aragón, España","structured: {'postalcode': '50720', 'country': 'Spain'} (country=es)",True,False,2026-01-14T18:58:58.370780,OK,1.0,1,False,False,False,False,False,0
50840_es,50840,es,"41.8306107,-0.7674305",41.8306107,-0.7674305,SAN MATEO DE GÁLLEGO,San Mateo de Gállego,"50840, San Mateo de Gállego, Zaragoza, Aragón, España","structured: {'postalcode': '50840', 'country': 'Spain'} (country=es)",True,False,2026-01-14T18:59:03.375576,OK,1.0,1,False,False,False,False,False,0
6200506_pt,6200506,pt,"40.2703894,-7.4948112",40.2703894,-7.4948112,COVILHÃ,Covilhã,"6200-506, Covilhã e Canhoso, Covilhã, Castelo Branco, Portugal","free-text: 6200-506, Portugal (country=pt)",True,False,2026-01-14T18:59:05.464570,OK,1.0,1,False,False,False,False,False,0
7350478_pt,7350478,pt,"38.8886503,-7.1506571",38.8886503,-7.1506571,Elvas,Elvas,"7350-478, Zona Industrial de Elvas, Caia, São Pedro e Alcáçova, Elvas, Portalegre, Portugal","free-text: 7350-478, Portugal (country=pt)",True,False,2026-01-14T18:59:21.577573,OK,1.0,1,False,False,False,False,False,0
7520195_pt,7520195,pt,"37.9568946,-8.8630739",37.9568946,-8.8630739,Sines,Sines,"7520-195, Sines, Setúbal, Portugal","free-text: 7520-195, Portugal (country=pt)",True,False,2026-01-14T18:59:22.382262,OK,1.0,1,False,False,False,False,False,0
7780409_pt,7780409,pt,"37.5770827,-7.972172",37.5770827,-7.972172,Castro Verde,Castro Verde,"7780-409, Somincor - Sociedade Mineira de Neves-Corvo, S.A., A-do-Corvo, Santa Bárbara de Padrões, Castro Verde, Beja, Portugal","free-text: 7780-409, Portugal (country=pt)",True,False,2026-01-14T18:59:23.353271,OK,1.0,1,False,False,False,False,False,0
7780909_pt,7780909,pt,"37.7147292,-8.066884",37.7147292,-8.066884,Castro Verde,Castro Verde,"7780-909, Castro Verde e Casével, Castro Verde, Beja, Portugal","free-text: 7780-909, Portugal (country=pt)",True,False,2026-01-14T18:59:24.507448,OK,1.0,1,False,False,False,False,False,0
7800295_pt,7800295,pt,"38.0131574,-7.8726062",38.0131574,-7.8726062,BEJA,Beja,"7800-295, Beja (Santiago Maior e São João Baptista), Beja, Portugal","free-text: 7800-295, Portugal (country=pt)",True,False,2026-01-14T18:59:25.473679,OK,1.0,1,False,False,False,False,False,0
8005139_pt,8005139,pt,"37.0278028,-7.9224221",37.0278028,-7.9224221,FARO,Faro,"8005-139, Faro (Sé e São Pedro), Faro, Portugal","free-text: 8005-139, Portugal (country=pt)",True,False,2026-01-14T18:59:26.363102,OK,1.0,1,False,False,False,False,False,0
9020105_pt,9020105,pt,"32.6620292,-16.9278015",32.6620292,-16.9278015,Funchal,Funchal,"9020-105, São Roque, Funchal, Madeira, Portugal","free-text: 9020-105, Portugal (country=pt)",True,False,2026-01-14T18:59:34.529277,OK,1.0,1,False,False,False,False,False,0
9125078_pt,9125078,pt,"32.6594803,-16.8178411",32.6594803,-16.8178411,CANIÇO,Caniço,"9125-078, Caniço, Santa Cruz, Madeira, Portugal","free-text: 9125-078, Portugal (country=pt)",True,False,2026-01-14T18:59:35.314281,OK,1.0,1,False,False,False,False,False,0
9500110_pt,9500110,pt,"37.751998,-25.6606133",37.751998,-25.6606133,PONTA DELGADA,Ponta Delgada,"9500-110, Ponta Delgada (São Pedro), Ponta Delgada, Açores, Portugal","free-text: 9500-110, Portugal (country=pt)",True,False,2026-01-14T18:59:36.420040,OK,1.0,1,False,False,False,False,False,0
9500321_pt,9500321,pt,"37.7447632,-25.6608951",37.7447632,-25.6608951,PONTA DELGADA,Ponta Delgada,"9500-321, Ponta Delgada (São Pedro), Ponta Delgada, Açores, Portugal","free-text: 9500-321, Portugal (country=pt)",True,False,2026-01-14T18:59:37.384981,OK,1.0,1,False,False,False,False,False,0
